node1,node2,node1_region,node2_region,socioeconomic_distance_pca
0,29,JOHOR JAYA,JOHOR JAYA,0.0
0,24,JOHOR JAYA,JOHOR JAYA,0.0
0,28,JOHOR JAYA,JOHOR JAYA,0.0
0,26,JOHOR JAYA,JOHOR JAYA,0.0
0,5,JOHOR JAYA,JOHOR JAYA,0.0
1,35,JOHOR JAYA,JOHOR JAYA,0.0
1,13,JOHOR JAYA,JOHOR JAYA,0.0
1,286,JOHOR JAYA,PERMAS,0.6275575689546616
1,29,JOHOR JAYA,JOHOR JAYA,0.0
1,5,JOHOR JAYA,JOHOR JAYA,0.0
2,243,JOHOR JAYA,TIRAM,0.32922015070119914
2,6,JOHOR JAYA,JOHOR JAYA,0.0
2,3,JOHOR JAYA,JOHOR JAYA,0.0
2,17,JOHOR JAYA,JOHOR JAYA,0.0
2,30,JOHOR JAYA,JOHOR JAYA,0.0
3,6,JOHOR JAYA,JOHOR JAYA,0.0
3,21,JOHOR JAYA,JOHOR JAYA,0.0
3,5,JOHOR JAYA,JOHOR JAYA,0.0
3,30,JOHOR JAYA,JOHOR JAYA,0.0
4,11,JOHOR JAYA,JOHOR JAYA,0.0
4,24,JOHOR JAYA,JOHOR JAYA,0.0
4,34,JOHOR JAYA,JOHOR JAYA,0.0
4,12,JOHOR JAYA,JOHOR JAYA,0.0
4,20,JOHOR JAYA,JOHOR JAYA,0.0
4,22,JOHOR JAYA,JOHOR JAYA,0.0
5,26,JOHOR JAYA,JOHOR JAYA,0.0
5,29,JOHOR JAYA,JOHOR JAYA,0.0
5,35,JOHOR JAYA,JOHOR JAYA,0.0
5,27,JOHOR JAYA,JOHOR JAYA,0.0
5,21,JOHOR JAYA,JOHOR JAYA,0.0
5,17,JOHOR JAYA,JOHOR JAYA,0.0
5,30,JOHOR JAYA,JOHOR JAYA,0.0
6,243,JOHOR JAYA,TIRAM,0.32922015070119914
6,21,JOHOR JAYA,JOHOR JAYA,0.0
6,10,JOHOR JAYA,JOHOR JAYA,0.0
7,16,JOHOR JAYA,JOHOR JAYA,0.0
7,56,JOHOR JAYA,PUTERI WANGSA,0.46193516057016215
7,25,JOHOR JAYA,JOHOR JAYA,0.0
7,10,JOHOR JAYA,JOHOR JAYA,0.0
7,131,JOHOR JAYA,PUTERI WANGSA,0.46193516057016215
7,134,JOHOR JAYA,PUTERI WANGSA,0.46193516057016215
8,56,JOHOR JAYA,PUTERI WANGSA,0.46193516057016215
8,59,JOHOR JAYA,PUTERI WANGSA,0.46193516057016215
8,34,JOHOR JAYA,JOHOR JAYA,0.0
8,16,JOHOR JAYA,JOHOR JAYA,0.0
8,26,JOHOR JAYA,JOHOR JAYA,0.0
8,28,JOHOR JAYA,JOHOR JAYA,0.0
9,143,JOHOR JAYA,STULANG,0.7192649599808704
9,361,JOHOR JAYA,LARKIN,0.7183682899220569
9,339,JOHOR JAYA,LARKIN,0.7183682899220569
9,50,JOHOR JAYA,PUTERI WANGSA,0.46193516057016215
9,91,JOHOR JAYA,PUTERI WANGSA,0.46193516057016215
9,81,JOHOR JAYA,PUTERI WANGSA,0.46193516057016215
9,20,JOHOR JAYA,JOHOR JAYA,0.0
9,152,JOHOR JAYA,STULANG,0.7192649599808704
10,243,JOHOR JAYA,TIRAM,0.32922015070119914
10,21,JOHOR JAYA,JOHOR JAYA,0.0
10,25,JOHOR JAYA,JOHOR JAYA,0.0
10,261,JOHOR JAYA,TIRAM,0.32922015070119914
10,240,JOHOR JAYA,TIRAM,0.32922015070119914
10,134,JOHOR JAYA,PUTERI WANGSA,0.46193516057016215
10,132,JOHOR JAYA,PUTERI WANGSA,0.46193516057016215
11,24,JOHOR JAYA,JOHOR JAYA,0.0
11,12,JOHOR JAYA,JOHOR JAYA,0.0
11,324,JOHOR JAYA,PERMAS,0.6275575689546616
11,29,JOHOR JAYA,JOHOR JAYA,0.0
12,155,JOHOR JAYA,STULANG,0.7192649599808704
12,324,JOHOR JAYA,PERMAS,0.6275575689546616
12,20,JOHOR JAYA,JOHOR JAYA,0.0
12,152,JOHOR JAYA,STULANG,0.7192649599808704
12,169,JOHOR JAYA,STULANG,0.7192649599808704
13,289,JOHOR JAYA,PERMAS,0.6275575689546616
13,331,JOHOR JAYA,PERMAS,0.6275575689546616
13,35,JOHOR JAYA,JOHOR JAYA,0.0
13,245,JOHOR JAYA,TIRAM,0.32922015070119914
13,14,JOHOR JAYA,JOHOR JAYA,0.0
13,286,JOHOR JAYA,PERMAS,0.6275575689546616
14,301,JOHOR JAYA,PERMAS,0.6275575689546616
14,289,JOHOR JAYA,PERMAS,0.6275575689546616
14,31,JOHOR JAYA,JOHOR JAYA,0.0
14,18,JOHOR JAYA,JOHOR JAYA,0.0
14,15,JOHOR JAYA,JOHOR JAYA,0.0
14,23,JOHOR JAYA,JOHOR JAYA,0.0
15,306,JOHOR JAYA,PERMAS,0.6275575689546616
15,31,JOHOR JAYA,JOHOR JAYA,0.0
15,36,JOHOR JAYA,JOHOR JAYA,0.0
15,23,JOHOR JAYA,JOHOR JAYA,0.0
15,33,JOHOR JAYA,JOHOR JAYA,0.0
16,56,JOHOR JAYA,PUTERI WANGSA,0.46193516057016215
16,26,JOHOR JAYA,JOHOR JAYA,0.0
16,25,JOHOR JAYA,JOHOR JAYA,0.0
17,27,JOHOR JAYA,JOHOR JAYA,0.0
17,243,JOHOR JAYA,TIRAM,0.32922015070119914
17,30,JOHOR JAYA,JOHOR JAYA,0.0
18,31,JOHOR JAYA,JOHOR JAYA,0.0
19,298,JOHOR JAYA,PERMAS,0.6275575689546616
19,326,JOHOR JAYA,PERMAS,0.6275575689546616
19,300,JOHOR JAYA,PERMAS,0.6275575689546616
19,325,JOHOR JAYA,PERMAS,0.6275575689546616
19,292,JOHOR JAYA,PERMAS,0.6275575689546616
19,32,JOHOR JAYA,JOHOR JAYA,0.0
20,22,JOHOR JAYA,JOHOR JAYA,0.0
20,81,JOHOR JAYA,PUTERI WANGSA,0.46193516057016215
20,152,JOHOR JAYA,STULANG,0.7192649599808704
21,25,JOHOR JAYA,JOHOR JAYA,0.0
21,26,JOHOR JAYA,JOHOR JAYA,0.0
22,34,JOHOR JAYA,JOHOR JAYA,0.0
22,81,JOHOR JAYA,PUTERI WANGSA,0.46193516057016215
23,301,JOHOR JAYA,PERMAS,0.6275575689546616
23,292,JOHOR JAYA,PERMAS,0.6275575689546616
23,33,JOHOR JAYA,JOHOR JAYA,0.0
23,326,JOHOR JAYA,PERMAS,0.6275575689546616
23,32,JOHOR JAYA,JOHOR JAYA,0.0
24,34,JOHOR JAYA,JOHOR JAYA,0.0
24,29,JOHOR JAYA,JOHOR JAYA,0.0
24,28,JOHOR JAYA,JOHOR JAYA,0.0
25,26,JOHOR JAYA,JOHOR JAYA,0.0
26,28,JOHOR JAYA,JOHOR JAYA,0.0
27,35,JOHOR JAYA,JOHOR JAYA,0.0
27,245,JOHOR JAYA,TIRAM,0.32922015070119914
27,271,JOHOR JAYA,TIRAM,0.32922015070119914
27,243,JOHOR JAYA,TIRAM,0.32922015070119914
28,34,JOHOR JAYA,JOHOR JAYA,0.0
29,286,JOHOR JAYA,PERMAS,0.6275575689546616
29,324,JOHOR JAYA,PERMAS,0.6275575689546616
32,326,JOHOR JAYA,PERMAS,0.6275575689546616
32,292,JOHOR JAYA,PERMAS,0.6275575689546616
33,36,JOHOR JAYA,JOHOR JAYA,0.0
33,326,JOHOR JAYA,PERMAS,0.6275575689546616
34,59,JOHOR JAYA,PUTERI WANGSA,0.46193516057016215
34,81,JOHOR JAYA,PUTERI WANGSA,0.46193516057016215
35,245,JOHOR JAYA,TIRAM,0.32922015070119914
36,326,JOHOR JAYA,PERMAS,0.6275575689546616
36,306,JOHOR JAYA,PERMAS,0.6275575689546616
37,91,PUTERI WANGSA,PUTERI WANGSA,0.0
37,64,PUTERI WANGSA,PUTERI WANGSA,0.0
37,81,PUTERI WANGSA,PUTERI WANGSA,0.0
37,59,PUTERI WANGSA,PUTERI WANGSA,0.0
37,120,PUTERI WANGSA,PUTERI WANGSA,0.0
37,43,PUTERI WANGSA,PUTERI WANGSA,0.0
38,115,PUTERI WANGSA,PUTERI WANGSA,0.0
38,129,PUTERI WANGSA,PUTERI WANGSA,0.0
38,113,PUTERI WANGSA,PUTERI WANGSA,0.0
38,46,PUTERI WANGSA,PUTERI WANGSA,0.0
38,83,PUTERI WANGSA,PUTERI WANGSA,0.0
39,134,PUTERI WANGSA,PUTERI WANGSA,0.0
39,131,PUTERI WANGSA,PUTERI WANGSA,0.0
39,83,PUTERI WANGSA,PUTERI WANGSA,0.0
39,92,PUTERI WANGSA,PUTERI WANGSA,0.0
39,123,PUTERI WANGSA,PUTERI WANGSA,0.0
39,142,PUTERI WANGSA,PUTERI WANGSA,0.0
40,119,PUTERI WANGSA,PUTERI WANGSA,0.0
40,42,PUTERI WANGSA,PUTERI WANGSA,0.0
40,79,PUTERI WANGSA,PUTERI WANGSA,0.0
40,107,PUTERI WANGSA,PUTERI WANGSA,0.0
40,95,PUTERI WANGSA,PUTERI WANGSA,0.0
40,86,PUTERI WANGSA,PUTERI WANGSA,0.0
40,133,PUTERI WANGSA,PUTERI WANGSA,0.0
40,60,PUTERI WANGSA,PUTERI WANGSA,0.0
40,41,PUTERI WANGSA,PUTERI WANGSA,0.0
40,122,PUTERI WANGSA,PUTERI WANGSA,0.0
41,42,PUTERI WANGSA,PUTERI WANGSA,0.0
41,138,PUTERI WANGSA,PUTERI WANGSA,0.0
41,84,PUTERI WANGSA,PUTERI WANGSA,0.0
41,107,PUTERI WANGSA,PUTERI WANGSA,0.0
42,118,PUTERI WANGSA,PUTERI WANGSA,0.0
42,117,PUTERI WANGSA,PUTERI WANGSA,0.0
42,119,PUTERI WANGSA,PUTERI WANGSA,0.0
42,138,PUTERI WANGSA,PUTERI WANGSA,0.0
43,59,PUTERI WANGSA,PUTERI WANGSA,0.0
43,120,PUTERI WANGSA,PUTERI WANGSA,0.0
43,55,PUTERI WANGSA,PUTERI WANGSA,0.0
43,45,PUTERI WANGSA,PUTERI WANGSA,0.0
43,100,PUTERI WANGSA,PUTERI WANGSA,0.0
44,105,PUTERI WANGSA,PUTERI WANGSA,0.0
44,125,PUTERI WANGSA,PUTERI WANGSA,0.0
44,61,PUTERI WANGSA,PUTERI WANGSA,0.0
44,104,PUTERI WANGSA,PUTERI WANGSA,0.0
44,48,PUTERI WANGSA,PUTERI WANGSA,0.0
45,129,PUTERI WANGSA,PUTERI WANGSA,0.0
45,59,PUTERI WANGSA,PUTERI WANGSA,0.0
45,113,PUTERI WANGSA,PUTERI WANGSA,0.0
45,89,PUTERI WANGSA,PUTERI WANGSA,0.0
45,141,PUTERI WANGSA,PUTERI WANGSA,0.0
45,102,PUTERI WANGSA,PUTERI WANGSA,0.0
45,100,PUTERI WANGSA,PUTERI WANGSA,0.0
46,113,PUTERI WANGSA,PUTERI WANGSA,0.0
46,136,PUTERI WANGSA,PUTERI WANGSA,0.0
46,106,PUTERI WANGSA,PUTERI WANGSA,0.0
46,83,PUTERI WANGSA,PUTERI WANGSA,0.0
47,90,PUTERI WANGSA,PUTERI WANGSA,0.0
47,78,PUTERI WANGSA,PUTERI WANGSA,0.0
47,119,PUTERI WANGSA,PUTERI WANGSA,0.0
47,64,PUTERI WANGSA,PUTERI WANGSA,0.0
47,85,PUTERI WANGSA,PUTERI WANGSA,0.0
48,95,PUTERI WANGSA,PUTERI WANGSA,0.0
48,104,PUTERI WANGSA,PUTERI WANGSA,0.0
48,139,PUTERI WANGSA,PUTERI WANGSA,0.0
48,61,PUTERI WANGSA,PUTERI WANGSA,0.0
49,110,PUTERI WANGSA,PUTERI WANGSA,0.0
49,85,PUTERI WANGSA,PUTERI WANGSA,0.0
49,78,PUTERI WANGSA,PUTERI WANGSA,0.0
49,116,PUTERI WANGSA,PUTERI WANGSA,0.0
49,182,PUTERI WANGSA,KEMPAS,0.7515628182988967
50,91,PUTERI WANGSA,PUTERI WANGSA,0.0
50,110,PUTERI WANGSA,PUTERI WANGSA,0.0
50,339,PUTERI WANGSA,LARKIN,0.6890264492555663
51,66,PUTERI WANGSA,PUTERI WANGSA,0.0
51,58,PUTERI WANGSA,PUTERI WANGSA,0.0
51,80,PUTERI WANGSA,PUTERI WANGSA,0.0
51,101,PUTERI WANGSA,PUTERI WANGSA,0.0
51,97,PUTERI WANGSA,PUTERI WANGSA,0.0
52,125,PUTERI WANGSA,PUTERI WANGSA,0.0
52,104,PUTERI WANGSA,PUTERI WANGSA,0.0
52,108,PUTERI WANGSA,PUTERI WANGSA,0.0
52,77,PUTERI WANGSA,PUTERI WANGSA,0.0
53,242,PUTERI WANGSA,TIRAM,0.7557065225948408
53,101,PUTERI WANGSA,PUTERI WANGSA,0.0
53,121,PUTERI WANGSA,PUTERI WANGSA,0.0
53,58,PUTERI WANGSA,PUTERI WANGSA,0.0
53,103,PUTERI WANGSA,PUTERI WANGSA,0.0
53,246,PUTERI WANGSA,TIRAM,0.7557065225948408
53,76,PUTERI WANGSA,PUTERI WANGSA,0.0
53,99,PUTERI WANGSA,PUTERI WANGSA,0.0
53,97,PUTERI WANGSA,PUTERI WANGSA,0.0
54,107,PUTERI WANGSA,PUTERI WANGSA,0.0
54,96,PUTERI WANGSA,PUTERI WANGSA,0.0
54,95,PUTERI WANGSA,PUTERI WANGSA,0.0
54,124,PUTERI WANGSA,PUTERI WANGSA,0.0
55,120,PUTERI WANGSA,PUTERI WANGSA,0.0
55,64,PUTERI WANGSA,PUTERI WANGSA,0.0
55,79,PUTERI WANGSA,PUTERI WANGSA,0.0
55,100,PUTERI WANGSA,PUTERI WANGSA,0.0
55,65,PUTERI WANGSA,PUTERI WANGSA,0.0
56,59,PUTERI WANGSA,PUTERI WANGSA,0.0
56,115,PUTERI WANGSA,PUTERI WANGSA,0.0
56,131,PUTERI WANGSA,PUTERI WANGSA,0.0
56,137,PUTERI WANGSA,PUTERI WANGSA,0.0
57,130,PUTERI WANGSA,PUTERI WANGSA,0.0
57,70,PUTERI WANGSA,PUTERI WANGSA,0.0
57,67,PUTERI WANGSA,PUTERI WANGSA,0.0
57,96,PUTERI WANGSA,PUTERI WANGSA,0.0
57,124,PUTERI WANGSA,PUTERI WANGSA,0.0
58,121,PUTERI WANGSA,PUTERI WANGSA,0.0
58,66,PUTERI WANGSA,PUTERI WANGSA,0.0
58,97,PUTERI WANGSA,PUTERI WANGSA,0.0
59,115,PUTERI WANGSA,PUTERI WANGSA,0.0
59,81,PUTERI WANGSA,PUTERI WANGSA,0.0
59,129,PUTERI WANGSA,PUTERI WANGSA,0.0
60,100,PUTERI WANGSA,PUTERI WANGSA,0.0
60,133,PUTERI WANGSA,PUTERI WANGSA,0.0
60,79,PUTERI WANGSA,PUTERI WANGSA,0.0
60,122,PUTERI WANGSA,PUTERI WANGSA,0.0
61,273,PUTERI WANGSA,TIRAM,0.7557065225948408
61,126,PUTERI WANGSA,PUTERI WANGSA,0.0
61,105,PUTERI WANGSA,PUTERI WANGSA,0.0
61,139,PUTERI WANGSA,PUTERI WANGSA,0.0
62,69,PUTERI WANGSA,PUTERI WANGSA,0.0
62,88,PUTERI WANGSA,PUTERI WANGSA,0.0
62,68,PUTERI WANGSA,PUTERI WANGSA,0.0
62,76,PUTERI WANGSA,PUTERI WANGSA,0.0
63,135,PUTERI WANGSA,PUTERI WANGSA,0.0
63,73,PUTERI WANGSA,PUTERI WANGSA,0.0
63,71,PUTERI WANGSA,PUTERI WANGSA,0.0
63,117,PUTERI WANGSA,PUTERI WANGSA,0.0
63,67,PUTERI WANGSA,PUTERI WANGSA,0.0
63,138,PUTERI WANGSA,PUTERI WANGSA,0.0
64,91,PUTERI WANGSA,PUTERI WANGSA,0.0
64,85,PUTERI WANGSA,PUTERI WANGSA,0.0
64,120,PUTERI WANGSA,PUTERI WANGSA,0.0
64,119,PUTERI WANGSA,PUTERI WANGSA,0.0
64,65,PUTERI WANGSA,PUTERI WANGSA,0.0
65,119,PUTERI WANGSA,PUTERI WANGSA,0.0
65,79,PUTERI WANGSA,PUTERI WANGSA,0.0
66,121,PUTERI WANGSA,PUTERI WANGSA,0.0
66,109,PUTERI WANGSA,PUTERI WANGSA,0.0
66,136,PUTERI WANGSA,PUTERI WANGSA,0.0
66,89,PUTERI WANGSA,PUTERI WANGSA,0.0
66,141,PUTERI WANGSA,PUTERI WANGSA,0.0
66,105,PUTERI WANGSA,PUTERI WANGSA,0.0
66,98,PUTERI WANGSA,PUTERI WANGSA,0.0
66,80,PUTERI WANGSA,PUTERI WANGSA,0.0
66,87,PUTERI WANGSA,PUTERI WANGSA,0.0
66,82,PUTERI WANGSA,PUTERI WANGSA,0.0
66,241,PUTERI WANGSA,TIRAM,0.7557065225948408
67,135,PUTERI WANGSA,PUTERI WANGSA,0.0
67,130,PUTERI WANGSA,PUTERI WANGSA,0.0
67,96,PUTERI WANGSA,PUTERI WANGSA,0.0
67,138,PUTERI WANGSA,PUTERI WANGSA,0.0
68,267,PUTERI WANGSA,TIRAM,0.7557065225948408
68,246,PUTERI WANGSA,TIRAM,0.7557065225948408
68,103,PUTERI WANGSA,PUTERI WANGSA,0.0
68,69,PUTERI WANGSA,PUTERI WANGSA,0.0
68,248,PUTERI WANGSA,TIRAM,0.7557065225948408
68,263,PUTERI WANGSA,TIRAM,0.7557065225948408
68,76,PUTERI WANGSA,PUTERI WANGSA,0.0
69,248,PUTERI WANGSA,TIRAM,0.7557065225948408
69,273,PUTERI WANGSA,TIRAM,0.7557065225948408
69,88,PUTERI WANGSA,PUTERI WANGSA,0.0
69,121,PUTERI WANGSA,PUTERI WANGSA,0.0
70,130,PUTERI WANGSA,PUTERI WANGSA,0.0
70,273,PUTERI WANGSA,TIRAM,0.7557065225948408
70,126,PUTERI WANGSA,PUTERI WANGSA,0.0
70,94,PUTERI WANGSA,PUTERI WANGSA,0.0
70,124,PUTERI WANGSA,PUTERI WANGSA,0.0
71,140,PUTERI WANGSA,PUTERI WANGSA,0.0
71,117,PUTERI WANGSA,PUTERI WANGSA,0.0
71,127,PUTERI WANGSA,PUTERI WANGSA,0.0
71,73,PUTERI WANGSA,PUTERI WANGSA,0.0
72,112,PUTERI WANGSA,PUTERI WANGSA,0.0
72,140,PUTERI WANGSA,PUTERI WANGSA,0.0
72,111,PUTERI WANGSA,PUTERI WANGSA,0.0
72,127,PUTERI WANGSA,PUTERI WANGSA,0.0
73,196,PUTERI WANGSA,SKUDAI,0.4986104297547547
73,75,PUTERI WANGSA,PUTERI WANGSA,0.0
73,220,PUTERI WANGSA,SKUDAI,0.4986104297547547
73,74,PUTERI WANGSA,PUTERI WANGSA,0.0
73,114,PUTERI WANGSA,PUTERI WANGSA,0.0
73,130,PUTERI WANGSA,PUTERI WANGSA,0.0
73,127,PUTERI WANGSA,PUTERI WANGSA,0.0
73,135,PUTERI WANGSA,PUTERI WANGSA,0.0
74,220,PUTERI WANGSA,SKUDAI,0.4986104297547547
74,225,PUTERI WANGSA,SKUDAI,0.4986104297547547
74,172,PUTERI WANGSA,KEMPAS,0.7515628182988967
74,114,PUTERI WANGSA,PUTERI WANGSA,0.0
74,170,PUTERI WANGSA,KEMPAS,0.7515628182988967
74,128,PUTERI WANGSA,PUTERI WANGSA,0.0
74,93,PUTERI WANGSA,PUTERI WANGSA,0.0
75,196,PUTERI WANGSA,SKUDAI,0.4986104297547547
75,130,PUTERI WANGSA,PUTERI WANGSA,0.0
76,103,PUTERI WANGSA,PUTERI WANGSA,0.0
76,88,PUTERI WANGSA,PUTERI WANGSA,0.0
76,121,PUTERI WANGSA,PUTERI WANGSA,0.0
77,95,PUTERI WANGSA,PUTERI WANGSA,0.0
77,104,PUTERI WANGSA,PUTERI WANGSA,0.0
77,86,PUTERI WANGSA,PUTERI WANGSA,0.0
77,108,PUTERI WANGSA,PUTERI WANGSA,0.0
78,85,PUTERI WANGSA,PUTERI WANGSA,0.0
78,116,PUTERI WANGSA,PUTERI WANGSA,0.0
78,90,PUTERI WANGSA,PUTERI WANGSA,0.0
79,100,PUTERI WANGSA,PUTERI WANGSA,0.0
79,119,PUTERI WANGSA,PUTERI WANGSA,0.0
79,122,PUTERI WANGSA,PUTERI WANGSA,0.0
80,101,PUTERI WANGSA,PUTERI WANGSA,0.0
80,262,PUTERI WANGSA,TIRAM,0.7557065225948408
80,241,PUTERI WANGSA,TIRAM,0.7557065225948408
81,91,PUTERI WANGSA,PUTERI WANGSA,0.0
82,100,PUTERI WANGSA,PUTERI WANGSA,0.0
82,98,PUTERI WANGSA,PUTERI WANGSA,0.0
82,102,PUTERI WANGSA,PUTERI WANGSA,0.0
82,141,PUTERI WANGSA,PUTERI WANGSA,0.0
83,115,PUTERI WANGSA,PUTERI WANGSA,0.0
83,131,PUTERI WANGSA,PUTERI WANGSA,0.0
83,106,PUTERI WANGSA,PUTERI WANGSA,0.0
83,109,PUTERI WANGSA,PUTERI WANGSA,0.0
83,137,PUTERI WANGSA,PUTERI WANGSA,0.0
83,142,PUTERI WANGSA,PUTERI WANGSA,0.0
84,107,PUTERI WANGSA,PUTERI WANGSA,0.0
84,96,PUTERI WANGSA,PUTERI WANGSA,0.0
84,138,PUTERI WANGSA,PUTERI WANGSA,0.0
85,110,PUTERI WANGSA,PUTERI WANGSA,0.0
85,91,PUTERI WANGSA,PUTERI WANGSA,0.0
86,108,PUTERI WANGSA,PUTERI WANGSA,0.0
86,133,PUTERI WANGSA,PUTERI WANGSA,0.0
86,95,PUTERI WANGSA,PUTERI WANGSA,0.0
87,109,PUTERI WANGSA,PUTERI WANGSA,0.0
87,240,PUTERI WANGSA,TIRAM,0.7557065225948408
87,262,PUTERI WANGSA,TIRAM,0.7557065225948408
87,132,PUTERI WANGSA,PUTERI WANGSA,0.0
87,241,PUTERI WANGSA,TIRAM,0.7557065225948408
87,275,PUTERI WANGSA,TIRAM,0.7557065225948408
88,121,PUTERI WANGSA,PUTERI WANGSA,0.0
89,113,PUTERI WANGSA,PUTERI WANGSA,0.0
89,141,PUTERI WANGSA,PUTERI WANGSA,0.0
89,136,PUTERI WANGSA,PUTERI WANGSA,0.0
90,116,PUTERI WANGSA,PUTERI WANGSA,0.0
90,118,PUTERI WANGSA,PUTERI WANGSA,0.0
90,119,PUTERI WANGSA,PUTERI WANGSA,0.0
91,110,PUTERI WANGSA,PUTERI WANGSA,0.0
92,134,PUTERI WANGSA,PUTERI WANGSA,0.0
92,123,PUTERI WANGSA,PUTERI WANGSA,0.0
92,132,PUTERI WANGSA,PUTERI WANGSA,0.0
93,112,PUTERI WANGSA,PUTERI WANGSA,0.0
93,128,PUTERI WANGSA,PUTERI WANGSA,0.0
93,114,PUTERI WANGSA,PUTERI WANGSA,0.0
94,126,PUTERI WANGSA,PUTERI WANGSA,0.0
94,124,PUTERI WANGSA,PUTERI WANGSA,0.0
95,104,PUTERI WANGSA,PUTERI WANGSA,0.0
95,107,PUTERI WANGSA,PUTERI WANGSA,0.0
95,124,PUTERI WANGSA,PUTERI WANGSA,0.0
95,139,PUTERI WANGSA,PUTERI WANGSA,0.0
96,107,PUTERI WANGSA,PUTERI WANGSA,0.0
96,138,PUTERI WANGSA,PUTERI WANGSA,0.0
96,124,PUTERI WANGSA,PUTERI WANGSA,0.0
97,101,PUTERI WANGSA,PUTERI WANGSA,0.0
98,105,PUTERI WANGSA,PUTERI WANGSA,0.0
98,100,PUTERI WANGSA,PUTERI WANGSA,0.0
99,242,PUTERI WANGSA,TIRAM,0.7557065225948408
99,276,PUTERI WANGSA,TIRAM,0.7557065225948408
99,246,PUTERI WANGSA,TIRAM,0.7557065225948408
100,125,PUTERI WANGSA,PUTERI WANGSA,0.0
100,133,PUTERI WANGSA,PUTERI WANGSA,0.0
100,105,PUTERI WANGSA,PUTERI WANGSA,0.0
100,102,PUTERI WANGSA,PUTERI WANGSA,0.0
101,242,PUTERI WANGSA,TIRAM,0.7557065225948408
101,262,PUTERI WANGSA,TIRAM,0.7557065225948408
102,141,PUTERI WANGSA,PUTERI WANGSA,0.0
103,246,PUTERI WANGSA,TIRAM,0.7557065225948408
104,125,PUTERI WANGSA,PUTERI WANGSA,0.0
105,121,PUTERI WANGSA,PUTERI WANGSA,0.0
105,125,PUTERI WANGSA,PUTERI WANGSA,0.0
105,273,PUTERI WANGSA,TIRAM,0.7557065225948408
106,136,PUTERI WANGSA,PUTERI WANGSA,0.0
106,109,PUTERI WANGSA,PUTERI WANGSA,0.0
108,133,PUTERI WANGSA,PUTERI WANGSA,0.0
108,125,PUTERI WANGSA,PUTERI WANGSA,0.0
109,136,PUTERI WANGSA,PUTERI WANGSA,0.0
109,132,PUTERI WANGSA,PUTERI WANGSA,0.0
109,123,PUTERI WANGSA,PUTERI WANGSA,0.0
109,142,PUTERI WANGSA,PUTERI WANGSA,0.0
110,182,PUTERI WANGSA,KEMPAS,0.7515628182988967
110,339,PUTERI WANGSA,LARKIN,0.6890264492555663
111,112,PUTERI WANGSA,PUTERI WANGSA,0.0
111,114,PUTERI WANGSA,PUTERI WANGSA,0.0
111,127,PUTERI WANGSA,PUTERI WANGSA,0.0
112,140,PUTERI WANGSA,PUTERI WANGSA,0.0
112,128,PUTERI WANGSA,PUTERI WANGSA,0.0
112,114,PUTERI WANGSA,PUTERI WANGSA,0.0
113,129,PUTERI WANGSA,PUTERI WANGSA,0.0
113,136,PUTERI WANGSA,PUTERI WANGSA,0.0
114,127,PUTERI WANGSA,PUTERI WANGSA,0.0
115,129,PUTERI WANGSA,PUTERI WANGSA,0.0
115,137,PUTERI WANGSA,PUTERI WANGSA,0.0
116,140,PUTERI WANGSA,PUTERI WANGSA,0.0
116,117,PUTERI WANGSA,PUTERI WANGSA,0.0
116,118,PUTERI WANGSA,PUTERI WANGSA,0.0
116,182,PUTERI WANGSA,KEMPAS,0.7515628182988967
116,183,PUTERI WANGSA,KEMPAS,0.7515628182988967
116,170,PUTERI WANGSA,KEMPAS,0.7515628182988967
117,140,PUTERI WANGSA,PUTERI WANGSA,0.0
117,118,PUTERI WANGSA,PUTERI WANGSA,0.0
117,138,PUTERI WANGSA,PUTERI WANGSA,0.0
118,119,PUTERI WANGSA,PUTERI WANGSA,0.0
121,273,PUTERI WANGSA,TIRAM,0.7557065225948408
123,132,PUTERI WANGSA,PUTERI WANGSA,0.0
123,142,PUTERI WANGSA,PUTERI WANGSA,0.0
124,126,PUTERI WANGSA,PUTERI WANGSA,0.0
124,139,PUTERI WANGSA,PUTERI WANGSA,0.0
125,133,PUTERI WANGSA,PUTERI WANGSA,0.0
126,273,PUTERI WANGSA,TIRAM,0.7557065225948408
126,139,PUTERI WANGSA,PUTERI WANGSA,0.0
127,140,PUTERI WANGSA,PUTERI WANGSA,0.0
128,140,PUTERI WANGSA,PUTERI WANGSA,0.0
128,170,PUTERI WANGSA,KEMPAS,0.7515628182988967
130,135,PUTERI WANGSA,PUTERI WANGSA,0.0
131,134,PUTERI WANGSA,PUTERI WANGSA,0.0
131,137,PUTERI WANGSA,PUTERI WANGSA,0.0
132,240,PUTERI WANGSA,TIRAM,0.7557065225948408
132,134,PUTERI WANGSA,PUTERI WANGSA,0.0
140,170,PUTERI WANGSA,KEMPAS,0.7515628182988967
143,361,STULANG,LARKIN,0.2602550992131513
143,353,STULANG,LARKIN,0.2602550992131513
143,162,STULANG,STULANG,0.0
143,150,STULANG,STULANG,0.0
143,152,STULANG,STULANG,0.0
144,163,STULANG,STULANG,0.0
144,149,STULANG,STULANG,0.0
144,161,STULANG,STULANG,0.0
144,146,STULANG,STULANG,0.0
144,153,STULANG,STULANG,0.0
145,155,STULANG,STULANG,0.0
145,148,STULANG,STULANG,0.0
145,146,STULANG,STULANG,0.0
145,166,STULANG,STULANG,0.0
146,148,STULANG,STULANG,0.0
146,524,STULANG,STULANG,0.0
146,156,STULANG,STULANG,0.0
146,158,STULANG,STULANG,0.0
146,163,STULANG,STULANG,0.0
146,153,STULANG,STULANG,0.0
146,166,STULANG,STULANG,0.0
147,167,STULANG,STULANG,0.0
147,165,STULANG,STULANG,0.0
147,352,STULANG,LARKIN,0.2602550992131513
147,164,STULANG,STULANG,0.0
147,156,STULANG,STULANG,0.0
147,157,STULANG,STULANG,0.0
147,158,STULANG,STULANG,0.0
148,155,STULANG,STULANG,0.0
148,287,STULANG,PERMAS,0.8413769502180289
148,524,STULANG,STULANG,0.0
148,295,STULANG,PERMAS,0.8413769502180289
149,358,STULANG,LARKIN,0.2602550992131513
149,347,STULANG,LARKIN,0.2602550992131513
149,163,STULANG,STULANG,0.0
149,154,STULANG,STULANG,0.0
149,157,STULANG,STULANG,0.0
149,161,STULANG,STULANG,0.0
150,162,STULANG,STULANG,0.0
150,161,STULANG,STULANG,0.0
150,152,STULANG,STULANG,0.0
150,153,STULANG,STULANG,0.0
150,166,STULANG,STULANG,0.0
151,160,STULANG,STULANG,0.0
151,383,STULANG,PERLING,0.9864300769899789
151,168,STULANG,STULANG,0.0
151,525,STULANG,PERLING,0.9864300769899789
152,166,STULANG,STULANG,0.0
152,169,STULANG,STULANG,0.0
153,161,STULANG,STULANG,0.0
153,166,STULANG,STULANG,0.0
154,163,STULANG,STULANG,0.0
154,157,STULANG,STULANG,0.0
154,158,STULANG,STULANG,0.0
155,287,STULANG,PERMAS,0.8413769502180289
155,324,STULANG,PERMAS,0.8413769502180289
155,166,STULANG,STULANG,0.0
155,169,STULANG,STULANG,0.0
156,523,STULANG,STULANG,0.0
156,164,STULANG,STULANG,0.0
156,516,STULANG,STULANG,0.0
156,524,STULANG,STULANG,0.0
156,158,STULANG,STULANG,0.0
157,352,STULANG,LARKIN,0.2602550992131513
157,358,STULANG,LARKIN,0.2602550992131513
157,158,STULANG,STULANG,0.0
158,163,STULANG,STULANG,0.0
159,160,STULANG,STULANG,0.0
159,164,STULANG,STULANG,0.0
159,165,STULANG,STULANG,0.0
159,403,STULANG,PERLING,0.9864300769899789
159,428,STULANG,PERLING,0.9864300769899789
159,430,STULANG,PERLING,0.9864300769899789
160,168,STULANG,STULANG,0.0
160,164,STULANG,STULANG,0.0
160,383,STULANG,PERLING,0.9864300769899789
160,403,STULANG,PERLING,0.9864300769899789
161,347,STULANG,LARKIN,0.2602550992131513
161,162,STULANG,STULANG,0.0
162,347,STULANG,LARKIN,0.2602550992131513
162,353,STULANG,LARKIN,0.2602550992131513
164,523,STULANG,STULANG,0.0
164,168,STULANG,STULANG,0.0
164,165,STULANG,STULANG,0.0
165,167,STULANG,STULANG,0.0
165,428,STULANG,PERLING,0.9864300769899789
166,169,STULANG,STULANG,0.0
167,352,STULANG,LARKIN,0.2602550992131513
167,372,STULANG,LARKIN,0.2602550992131513
167,427,STULANG,PERLING,0.9864300769899789
167,428,STULANG,PERLING,0.9864300769899789
168,523,STULANG,STULANG,0.0
170,183,KEMPAS,KEMPAS,0.0
170,172,KEMPAS,KEMPAS,0.0
170,186,KEMPAS,KEMPAS,0.0
170,171,KEMPAS,KEMPAS,0.0
170,177,KEMPAS,KEMPAS,0.0
170,174,KEMPAS,KEMPAS,0.0
171,191,KEMPAS,KEMPAS,0.0
171,186,KEMPAS,KEMPAS,0.0
171,177,KEMPAS,KEMPAS,0.0
171,173,KEMPAS,KEMPAS,0.0
172,225,KEMPAS,SKUDAI,0.26188503143566944
172,186,KEMPAS,KEMPAS,0.0
172,188,KEMPAS,KEMPAS,0.0
173,191,KEMPAS,KEMPAS,0.0
173,187,KEMPAS,KEMPAS,0.0
173,177,KEMPAS,KEMPAS,0.0
173,185,KEMPAS,KEMPAS,0.0
173,408,KEMPAS,PERLING,1.1167390004790985
173,192,KEMPAS,KEMPAS,0.0
174,177,KEMPAS,KEMPAS,0.0
174,183,KEMPAS,KEMPAS,0.0
174,190,KEMPAS,KEMPAS,0.0
174,178,KEMPAS,KEMPAS,0.0
175,194,KEMPAS,KEMPAS,0.0
175,377,KEMPAS,PERLING,1.1167390004790985
175,176,KEMPAS,KEMPAS,0.0
175,178,KEMPAS,KEMPAS,0.0
175,185,KEMPAS,KEMPAS,0.0
175,408,KEMPAS,PERLING,1.1167390004790985
175,374,KEMPAS,PERLING,1.1167390004790985
176,194,KEMPAS,KEMPAS,0.0
176,366,KEMPAS,LARKIN,0.2674967487838824
176,355,KEMPAS,LARKIN,0.2674967487838824
176,178,KEMPAS,KEMPAS,0.0
177,178,KEMPAS,KEMPAS,0.0
177,187,KEMPAS,KEMPAS,0.0
177,185,KEMPAS,KEMPAS,0.0
178,355,KEMPAS,LARKIN,0.2674967487838824
178,190,KEMPAS,KEMPAS,0.0
178,185,KEMPAS,KEMPAS,0.0
179,376,KEMPAS,PERLING,1.1167390004790985
179,398,KEMPAS,PERLING,1.1167390004790985
179,184,KEMPAS,KEMPAS,0.0
179,375,KEMPAS,PERLING,1.1167390004790985
179,180,KEMPAS,KEMPAS,0.0
179,192,KEMPAS,KEMPAS,0.0
180,184,KEMPAS,KEMPAS,0.0
180,189,KEMPAS,KEMPAS,0.0
180,192,KEMPAS,KEMPAS,0.0
181,193,KEMPAS,KEMPAS,0.0
181,377,KEMPAS,PERLING,1.1167390004790985
181,194,KEMPAS,KEMPAS,0.0
181,366,KEMPAS,LARKIN,0.2674967487838824
182,183,KEMPAS,KEMPAS,0.0
182,363,KEMPAS,LARKIN,0.2674967487838824
182,360,KEMPAS,LARKIN,0.2674967487838824
182,342,KEMPAS,LARKIN,0.2674967487838824
182,339,KEMPAS,LARKIN,0.2674967487838824
182,340,KEMPAS,LARKIN,0.2674967487838824
183,340,KEMPAS,LARKIN,0.2674967487838824
183,190,KEMPAS,KEMPAS,0.0
184,191,KEMPAS,KEMPAS,0.0
184,398,KEMPAS,PERLING,1.1167390004790985
184,189,KEMPAS,KEMPAS,0.0
185,187,KEMPAS,KEMPAS,0.0
185,408,KEMPAS,PERLING,1.1167390004790985
186,191,KEMPAS,KEMPAS,0.0
186,188,KEMPAS,KEMPAS,0.0
188,221,KEMPAS,SKUDAI,0.26188503143566944
188,191,KEMPAS,KEMPAS,0.0
188,225,KEMPAS,SKUDAI,0.26188503143566944
189,191,KEMPAS,KEMPAS,0.0
189,192,KEMPAS,KEMPAS,0.0
190,340,KEMPAS,LARKIN,0.2674967487838824
190,355,KEMPAS,LARKIN,0.2674967487838824
191,221,KEMPAS,SKUDAI,0.26188503143566944
191,398,KEMPAS,PERLING,1.1167390004790985
191,192,KEMPAS,KEMPAS,0.0
192,375,KEMPAS,PERLING,1.1167390004790985
192,408,KEMPAS,PERLING,1.1167390004790985
193,380,KEMPAS,PERLING,1.1167390004790985
193,377,KEMPAS,PERLING,1.1167390004790985
193,366,KEMPAS,LARKIN,0.2674967487838824
193,343,KEMPAS,LARKIN,0.2674967487838824
194,377,KEMPAS,PERLING,1.1167390004790985
194,366,KEMPAS,LARKIN,0.2674967487838824
195,220,SKUDAI,SKUDAI,0.0
195,225,SKUDAI,SKUDAI,0.0
195,236,SKUDAI,SKUDAI,0.0
196,220,SKUDAI,SKUDAI,0.0
196,198,SKUDAI,SKUDAI,0.0
196,236,SKUDAI,SKUDAI,0.0
196,213,SKUDAI,SKUDAI,0.0
196,230,SKUDAI,SKUDAI,0.0
196,199,SKUDAI,SKUDAI,0.0
197,227,SKUDAI,SKUDAI,0.0
197,200,SKUDAI,SKUDAI,0.0
197,230,SKUDAI,SKUDAI,0.0
197,226,SKUDAI,SKUDAI,0.0
197,217,SKUDAI,SKUDAI,0.0
197,205,SKUDAI,SKUDAI,0.0
198,515,SKUDAI,KEMPAS,0.26188503143566944
198,200,SKUDAI,SKUDAI,0.0
198,213,SKUDAI,SKUDAI,0.0
199,213,SKUDAI,SKUDAI,0.0
199,227,SKUDAI,SKUDAI,0.0
199,230,SKUDAI,SKUDAI,0.0
200,515,SKUDAI,KEMPAS,0.26188503143566944
200,470,SKUDAI,ISKANDAR PUTERI,0.6888972359577595
200,439,SKUDAI,ISKANDAR PUTERI,0.6888972359577595
200,434,SKUDAI,ISKANDAR PUTERI,0.6888972359577595
200,207,SKUDAI,SKUDAI,0.0
200,227,SKUDAI,SKUDAI,0.0
200,213,SKUDAI,SKUDAI,0.0
200,217,SKUDAI,SKUDAI,0.0
201,231,SKUDAI,SKUDAI,0.0
201,209,SKUDAI,SKUDAI,0.0
201,206,SKUDAI,SKUDAI,0.0
201,218,SKUDAI,SKUDAI,0.0
201,234,SKUDAI,SKUDAI,0.0
201,397,SKUDAI,PERLING,1.0455942982467532
202,413,SKUDAI,PERLING,1.0455942982467532
202,206,SKUDAI,SKUDAI,0.0
202,229,SKUDAI,SKUDAI,0.0
202,214,SKUDAI,SKUDAI,0.0
203,228,SKUDAI,SKUDAI,0.0
203,216,SKUDAI,SKUDAI,0.0
203,208,SKUDAI,SKUDAI,0.0
203,215,SKUDAI,SKUDAI,0.0
203,404,SKUDAI,PERLING,1.0455942982467532
204,221,SKUDAI,SKUDAI,0.0
204,226,SKUDAI,SKUDAI,0.0
204,237,SKUDAI,SKUDAI,0.0
204,215,SKUDAI,SKUDAI,0.0
204,205,SKUDAI,SKUDAI,0.0
205,217,SKUDAI,SKUDAI,0.0
205,215,SKUDAI,SKUDAI,0.0
205,226,SKUDAI,SKUDAI,0.0
205,232,SKUDAI,SKUDAI,0.0
206,231,SKUDAI,SKUDAI,0.0
206,207,SKUDAI,SKUDAI,0.0
206,222,SKUDAI,SKUDAI,0.0
206,413,SKUDAI,PERLING,1.0455942982467532
206,397,SKUDAI,PERLING,1.0455942982467532
206,214,SKUDAI,SKUDAI,0.0
207,434,SKUDAI,ISKANDAR PUTERI,0.6888972359577595
207,235,SKUDAI,SKUDAI,0.0
207,478,SKUDAI,ISKANDAR PUTERI,0.6888972359577595
207,231,SKUDAI,SKUDAI,0.0
207,217,SKUDAI,SKUDAI,0.0
207,222,SKUDAI,SKUDAI,0.0
208,228,SKUDAI,SKUDAI,0.0
208,217,SKUDAI,SKUDAI,0.0
208,232,SKUDAI,SKUDAI,0.0
208,215,SKUDAI,SKUDAI,0.0
209,234,SKUDAI,SKUDAI,0.0
209,441,SKUDAI,ISKANDAR PUTERI,0.6888972359577595
209,239,SKUDAI,SKUDAI,0.0
209,235,SKUDAI,SKUDAI,0.0
209,440,SKUDAI,ISKANDAR PUTERI,0.6888972359577595
209,231,SKUDAI,SKUDAI,0.0
209,218,SKUDAI,SKUDAI,0.0
210,211,SKUDAI,SKUDAI,0.0
210,233,SKUDAI,SKUDAI,0.0
210,388,SKUDAI,PERLING,1.0455942982467532
210,385,SKUDAI,PERLING,1.0455942982467532
210,397,SKUDAI,PERLING,1.0455942982467532
210,402,SKUDAI,PERLING,1.0455942982467532
211,212,SKUDAI,SKUDAI,0.0
211,441,SKUDAI,ISKANDAR PUTERI,0.6888972359577595
211,233,SKUDAI,SKUDAI,0.0
211,234,SKUDAI,SKUDAI,0.0
211,397,SKUDAI,PERLING,1.0455942982467532
212,443,SKUDAI,ISKANDAR PUTERI,0.6888972359577595
212,442,SKUDAI,ISKANDAR PUTERI,0.6888972359577595
212,444,SKUDAI,ISKANDAR PUTERI,0.6888972359577595
212,441,SKUDAI,ISKANDAR PUTERI,0.6888972359577595
212,233,SKUDAI,SKUDAI,0.0
212,417,SKUDAI,PERLING,1.0455942982467532
213,227,SKUDAI,SKUDAI,0.0
214,229,SKUDAI,SKUDAI,0.0
214,222,SKUDAI,SKUDAI,0.0
215,237,SKUDAI,SKUDAI,0.0
215,224,SKUDAI,SKUDAI,0.0
215,404,SKUDAI,PERLING,1.0455942982467532
215,232,SKUDAI,SKUDAI,0.0
216,414,SKUDAI,PERLING,1.0455942982467532
216,413,SKUDAI,PERLING,1.0455942982467532
216,384,SKUDAI,PERLING,1.0455942982467532
216,229,SKUDAI,SKUDAI,0.0
216,222,SKUDAI,SKUDAI,0.0
216,228,SKUDAI,SKUDAI,0.0
216,404,SKUDAI,PERLING,1.0455942982467532
217,222,SKUDAI,SKUDAI,0.0
217,228,SKUDAI,SKUDAI,0.0
217,232,SKUDAI,SKUDAI,0.0
218,234,SKUDAI,SKUDAI,0.0
219,235,SKUDAI,SKUDAI,0.0
219,435,SKUDAI,ISKANDAR PUTERI,0.6888972359577595
219,436,SKUDAI,ISKANDAR PUTERI,0.6888972359577595
219,480,SKUDAI,ISKANDAR PUTERI,0.6888972359577595
219,223,SKUDAI,SKUDAI,0.0
220,236,SKUDAI,SKUDAI,0.0
220,225,SKUDAI,SKUDAI,0.0
221,398,SKUDAI,PERLING,1.0455942982467532
221,230,SKUDAI,SKUDAI,0.0
221,225,SKUDAI,SKUDAI,0.0
221,226,SKUDAI,SKUDAI,0.0
221,237,SKUDAI,SKUDAI,0.0
221,238,SKUDAI,SKUDAI,0.0
222,229,SKUDAI,SKUDAI,0.0
222,228,SKUDAI,SKUDAI,0.0
223,480,SKUDAI,ISKANDAR PUTERI,0.6888972359577595
223,239,SKUDAI,SKUDAI,0.0
223,235,SKUDAI,SKUDAI,0.0
224,237,SKUDAI,SKUDAI,0.0
224,404,SKUDAI,PERLING,1.0455942982467532
224,238,SKUDAI,SKUDAI,0.0
225,236,SKUDAI,SKUDAI,0.0
225,230,SKUDAI,SKUDAI,0.0
226,230,SKUDAI,SKUDAI,0.0
227,230,SKUDAI,SKUDAI,0.0
229,413,SKUDAI,PERLING,1.0455942982467532
230,236,SKUDAI,SKUDAI,0.0
231,235,SKUDAI,SKUDAI,0.0
233,426,SKUDAI,PERLING,1.0455942982467532
233,417,SKUDAI,PERLING,1.0455942982467532
233,402,SKUDAI,PERLING,1.0455942982467532
234,441,SKUDAI,ISKANDAR PUTERI,0.6888972359577595
234,397,SKUDAI,PERLING,1.0455942982467532
235,478,SKUDAI,ISKANDAR PUTERI,0.6888972359577595
235,435,SKUDAI,ISKANDAR PUTERI,0.6888972359577595
235,239,SKUDAI,SKUDAI,0.0
237,238,SKUDAI,SKUDAI,0.0
238,376,SKUDAI,PERLING,1.0455942982467532
238,398,SKUDAI,PERLING,1.0455942982467532
238,404,SKUDAI,PERLING,1.0455942982467532
239,440,SKUDAI,ISKANDAR PUTERI,0.6888972359577595
239,480,SKUDAI,ISKANDAR PUTERI,0.6888972359577595
240,284,TIRAM,TIRAM,0.0
240,262,TIRAM,TIRAM,0.0
240,272,TIRAM,TIRAM,0.0
240,261,TIRAM,TIRAM,0.0
241,262,TIRAM,TIRAM,0.0
241,275,TIRAM,TIRAM,0.0
242,272,TIRAM,TIRAM,0.0
242,276,TIRAM,TIRAM,0.0
242,284,TIRAM,TIRAM,0.0
242,244,TIRAM,TIRAM,0.0
242,262,TIRAM,TIRAM,0.0
243,271,TIRAM,TIRAM,0.0
243,261,TIRAM,TIRAM,0.0
244,284,TIRAM,TIRAM,0.0
244,262,TIRAM,TIRAM,0.0
245,246,TIRAM,TIRAM,0.0
245,276,TIRAM,TIRAM,0.0
245,272,TIRAM,TIRAM,0.0
245,271,TIRAM,TIRAM,0.0
245,261,TIRAM,TIRAM,0.0
246,264,TIRAM,TIRAM,0.0
246,276,TIRAM,TIRAM,0.0
246,267,TIRAM,TIRAM,0.0
247,264,TIRAM,TIRAM,0.0
247,274,TIRAM,TIRAM,0.0
247,277,TIRAM,TIRAM,0.0
247,267,TIRAM,TIRAM,0.0
248,277,TIRAM,TIRAM,0.0
248,250,TIRAM,TIRAM,0.0
248,273,TIRAM,TIRAM,0.0
248,267,TIRAM,TIRAM,0.0
248,263,TIRAM,TIRAM,0.0
249,250,TIRAM,TIRAM,0.0
249,274,TIRAM,TIRAM,0.0
249,277,TIRAM,TIRAM,0.0
250,277,TIRAM,TIRAM,0.0
250,273,TIRAM,TIRAM,0.0
251,283,TIRAM,TIRAM,0.0
251,258,TIRAM,TIRAM,0.0
251,255,TIRAM,TIRAM,0.0
251,257,TIRAM,TIRAM,0.0
251,270,TIRAM,TIRAM,0.0
251,282,TIRAM,TIRAM,0.0
251,281,TIRAM,TIRAM,0.0
251,280,TIRAM,TIRAM,0.0
251,259,TIRAM,TIRAM,0.0
252,257,TIRAM,TIRAM,0.0
252,306,TIRAM,PERMAS,0.6215202836015544
252,320,TIRAM,PERMAS,0.6215202836015544
252,268,TIRAM,TIRAM,0.0
253,266,TIRAM,TIRAM,0.0
253,279,TIRAM,TIRAM,0.0
253,258,TIRAM,TIRAM,0.0
253,333,TIRAM,PERMAS,0.6215202836015544
253,256,TIRAM,TIRAM,0.0
253,265,TIRAM,TIRAM,0.0
254,255,TIRAM,TIRAM,0.0
254,257,TIRAM,TIRAM,0.0
254,268,TIRAM,TIRAM,0.0
254,320,TIRAM,PERMAS,0.6215202836015544
254,307,TIRAM,PERMAS,0.6215202836015544
254,327,TIRAM,PERMAS,0.6215202836015544
255,257,TIRAM,TIRAM,0.0
255,269,TIRAM,TIRAM,0.0
255,278,TIRAM,TIRAM,0.0
255,335,TIRAM,PERMAS,0.6215202836015544
255,327,TIRAM,PERMAS,0.6215202836015544
255,280,TIRAM,TIRAM,0.0
256,333,TIRAM,PERMAS,0.6215202836015544
256,308,TIRAM,PERMAS,0.6215202836015544
256,334,TIRAM,PERMAS,0.6215202836015544
256,335,TIRAM,PERMAS,0.6215202836015544
256,265,TIRAM,TIRAM,0.0
256,269,TIRAM,TIRAM,0.0
256,285,TIRAM,TIRAM,0.0
256,278,TIRAM,TIRAM,0.0
256,259,TIRAM,TIRAM,0.0
257,268,TIRAM,TIRAM,0.0
258,283,TIRAM,TIRAM,0.0
258,260,TIRAM,TIRAM,0.0
258,266,TIRAM,TIRAM,0.0
258,265,TIRAM,TIRAM,0.0
258,270,TIRAM,TIRAM,0.0
258,281,TIRAM,TIRAM,0.0
258,282,TIRAM,TIRAM,0.0
259,280,TIRAM,TIRAM,0.0
259,285,TIRAM,TIRAM,0.0
259,265,TIRAM,TIRAM,0.0
259,281,TIRAM,TIRAM,0.0
260,308,TIRAM,PERMAS,0.6215202836015544
260,279,TIRAM,TIRAM,0.0
260,266,TIRAM,TIRAM,0.0
260,333,TIRAM,PERMAS,0.6215202836015544
261,271,TIRAM,TIRAM,0.0
261,272,TIRAM,TIRAM,0.0
262,284,TIRAM,TIRAM,0.0
262,275,TIRAM,TIRAM,0.0
263,267,TIRAM,TIRAM,0.0
264,274,TIRAM,TIRAM,0.0
264,267,TIRAM,TIRAM,0.0
265,281,TIRAM,TIRAM,0.0
266,279,TIRAM,TIRAM,0.0
267,277,TIRAM,TIRAM,0.0
268,320,TIRAM,PERMAS,0.6215202836015544
269,285,TIRAM,TIRAM,0.0
269,278,TIRAM,TIRAM,0.0
269,280,TIRAM,TIRAM,0.0
270,283,TIRAM,TIRAM,0.0
270,282,TIRAM,TIRAM,0.0
272,276,TIRAM,TIRAM,0.0
272,284,TIRAM,TIRAM,0.0
274,277,TIRAM,TIRAM,0.0
278,335,TIRAM,PERMAS,0.6215202836015544
279,333,TIRAM,PERMAS,0.6215202836015544
280,285,TIRAM,TIRAM,0.0
281,282,TIRAM,TIRAM,0.0
286,331,PERMAS,PERMAS,0.0
286,317,PERMAS,PERMAS,0.0
286,324,PERMAS,PERMAS,0.0
286,288,PERMAS,PERMAS,0.0
287,324,PERMAS,PERMAS,0.0
287,295,PERMAS,PERMAS,0.0
287,314,PERMAS,PERMAS,0.0
288,331,PERMAS,PERMAS,0.0
288,317,PERMAS,PERMAS,0.0
288,290,PERMAS,PERMAS,0.0
289,293,PERMAS,PERMAS,0.0
289,299,PERMAS,PERMAS,0.0
289,331,PERMAS,PERMAS,0.0
289,301,PERMAS,PERMAS,0.0
290,323,PERMAS,PERMAS,0.0
290,295,PERMAS,PERMAS,0.0
290,331,PERMAS,PERMAS,0.0
290,291,PERMAS,PERMAS,0.0
290,316,PERMAS,PERMAS,0.0
290,317,PERMAS,PERMAS,0.0
291,295,PERMAS,PERMAS,0.0
291,316,PERMAS,PERMAS,0.0
291,337,PERMAS,PERMAS,0.0
292,301,PERMAS,PERMAS,0.0
292,297,PERMAS,PERMAS,0.0
292,300,PERMAS,PERMAS,0.0
293,299,PERMAS,PERMAS,0.0
293,331,PERMAS,PERMAS,0.0
293,323,PERMAS,PERMAS,0.0
293,312,PERMAS,PERMAS,0.0
293,294,PERMAS,PERMAS,0.0
293,322,PERMAS,PERMAS,0.0
293,310,PERMAS,PERMAS,0.0
294,312,PERMAS,PERMAS,0.0
294,321,PERMAS,PERMAS,0.0
294,319,PERMAS,PERMAS,0.0
294,322,PERMAS,PERMAS,0.0
294,310,PERMAS,PERMAS,0.0
295,323,PERMAS,PERMAS,0.0
295,524,PERMAS,STULANG,0.8413769502180289
295,523,PERMAS,STULANG,0.8413769502180289
295,516,PERMAS,STULANG,0.8413769502180289
295,314,PERMAS,PERMAS,0.0
295,337,PERMAS,PERMAS,0.0
296,332,PERMAS,PERMAS,0.0
296,325,PERMAS,PERMAS,0.0
296,303,PERMAS,PERMAS,0.0
296,300,PERMAS,PERMAS,0.0
296,318,PERMAS,PERMAS,0.0
297,301,PERMAS,PERMAS,0.0
297,311,PERMAS,PERMAS,0.0
297,300,PERMAS,PERMAS,0.0
298,332,PERMAS,PERMAS,0.0
298,325,PERMAS,PERMAS,0.0
298,307,PERMAS,PERMAS,0.0
298,326,PERMAS,PERMAS,0.0
298,330,PERMAS,PERMAS,0.0
298,309,PERMAS,PERMAS,0.0
299,301,PERMAS,PERMAS,0.0
299,321,PERMAS,PERMAS,0.0
299,312,PERMAS,PERMAS,0.0
300,325,PERMAS,PERMAS,0.0
300,311,PERMAS,PERMAS,0.0
300,318,PERMAS,PERMAS,0.0
300,304,PERMAS,PERMAS,0.0
301,321,PERMAS,PERMAS,0.0
301,303,PERMAS,PERMAS,0.0
301,311,PERMAS,PERMAS,0.0
302,330,PERMAS,PERMAS,0.0
302,332,PERMAS,PERMAS,0.0
302,313,PERMAS,PERMAS,0.0
302,315,PERMAS,PERMAS,0.0
302,328,PERMAS,PERMAS,0.0
302,329,PERMAS,PERMAS,0.0
303,308,PERMAS,PERMAS,0.0
303,321,PERMAS,PERMAS,0.0
303,323,PERMAS,PERMAS,0.0
303,332,PERMAS,PERMAS,0.0
303,338,PERMAS,PERMAS,0.0
303,311,PERMAS,PERMAS,0.0
303,319,PERMAS,PERMAS,0.0
303,305,PERMAS,PERMAS,0.0
303,318,PERMAS,PERMAS,0.0
303,304,PERMAS,PERMAS,0.0
304,311,PERMAS,PERMAS,0.0
304,318,PERMAS,PERMAS,0.0
305,328,PERMAS,PERMAS,0.0
305,336,PERMAS,PERMAS,0.0
305,338,PERMAS,PERMAS,0.0
305,308,PERMAS,PERMAS,0.0
306,320,PERMAS,PERMAS,0.0
306,326,PERMAS,PERMAS,0.0
306,307,PERMAS,PERMAS,0.0
307,326,PERMAS,PERMAS,0.0
307,320,PERMAS,PERMAS,0.0
307,327,PERMAS,PERMAS,0.0
307,309,PERMAS,PERMAS,0.0
308,333,PERMAS,PERMAS,0.0
308,334,PERMAS,PERMAS,0.0
308,328,PERMAS,PERMAS,0.0
309,330,PERMAS,PERMAS,0.0
309,334,PERMAS,PERMAS,0.0
309,327,PERMAS,PERMAS,0.0
310,322,PERMAS,PERMAS,0.0
312,321,PERMAS,PERMAS,0.0
313,336,PERMAS,PERMAS,0.0
313,315,PERMAS,PERMAS,0.0
313,338,PERMAS,PERMAS,0.0
313,329,PERMAS,PERMAS,0.0
314,324,PERMAS,PERMAS,0.0
314,316,PERMAS,PERMAS,0.0
314,337,PERMAS,PERMAS,0.0
315,328,PERMAS,PERMAS,0.0
315,336,PERMAS,PERMAS,0.0
316,317,PERMAS,PERMAS,0.0
316,324,PERMAS,PERMAS,0.0
316,337,PERMAS,PERMAS,0.0
317,324,PERMAS,PERMAS,0.0
319,321,PERMAS,PERMAS,0.0
319,323,PERMAS,PERMAS,0.0
319,322,PERMAS,PERMAS,0.0
322,323,PERMAS,PERMAS,0.0
323,331,PERMAS,PERMAS,0.0
323,523,PERMAS,STULANG,0.8413769502180289
325,332,PERMAS,PERMAS,0.0
327,334,PERMAS,PERMAS,0.0
327,335,PERMAS,PERMAS,0.0
328,336,PERMAS,PERMAS,0.0
328,334,PERMAS,PERMAS,0.0
328,330,PERMAS,PERMAS,0.0
329,338,PERMAS,PERMAS,0.0
329,332,PERMAS,PERMAS,0.0
330,334,PERMAS,PERMAS,0.0
330,332,PERMAS,PERMAS,0.0
332,338,PERMAS,PERMAS,0.0
334,335,PERMAS,PERMAS,0.0
336,338,PERMAS,PERMAS,0.0
339,341,LARKIN,LARKIN,0.0
339,360,LARKIN,LARKIN,0.0
339,361,LARKIN,LARKIN,0.0
339,362,LARKIN,LARKIN,0.0
340,342,LARKIN,LARKIN,0.0
340,355,LARKIN,LARKIN,0.0
341,360,LARKIN,LARKIN,0.0
341,362,LARKIN,LARKIN,0.0
342,427,LARKIN,PERLING,1.0942766498157932
342,345,LARKIN,LARKIN,0.0
342,359,LARKIN,LARKIN,0.0
342,363,LARKIN,LARKIN,0.0
342,355,LARKIN,LARKIN,0.0
343,366,LARKIN,LARKIN,0.0
343,380,LARKIN,PERLING,1.0942766498157932
343,370,LARKIN,LARKIN,0.0
343,349,LARKIN,LARKIN,0.0
343,371,LARKIN,LARKIN,0.0
344,347,LARKIN,LARKIN,0.0
344,353,LARKIN,LARKIN,0.0
344,369,LARKIN,LARKIN,0.0
344,364,LARKIN,LARKIN,0.0
344,348,LARKIN,LARKIN,0.0
344,359,LARKIN,LARKIN,0.0
345,427,LARKIN,PERLING,1.0942766498157932
345,382,LARKIN,PERLING,1.0942766498157932
345,367,LARKIN,LARKIN,0.0
345,424,LARKIN,PERLING,1.0942766498157932
345,355,LARKIN,LARKIN,0.0
345,349,LARKIN,LARKIN,0.0
346,358,LARKIN,LARKIN,0.0
346,347,LARKIN,LARKIN,0.0
346,369,LARKIN,LARKIN,0.0
346,368,LARKIN,LARKIN,0.0
346,350,LARKIN,LARKIN,0.0
347,358,LARKIN,LARKIN,0.0
347,353,LARKIN,LARKIN,0.0
347,369,LARKIN,LARKIN,0.0
348,427,LARKIN,PERLING,1.0942766498157932
348,359,LARKIN,LARKIN,0.0
348,369,LARKIN,LARKIN,0.0
348,372,LARKIN,LARKIN,0.0
348,354,LARKIN,LARKIN,0.0
348,357,LARKIN,LARKIN,0.0
349,367,LARKIN,LARKIN,0.0
349,355,LARKIN,LARKIN,0.0
349,370,LARKIN,LARKIN,0.0
349,371,LARKIN,LARKIN,0.0
350,358,LARKIN,LARKIN,0.0
350,368,LARKIN,LARKIN,0.0
350,352,LARKIN,LARKIN,0.0
350,372,LARKIN,LARKIN,0.0
351,363,LARKIN,LARKIN,0.0
351,356,LARKIN,LARKIN,0.0
351,365,LARKIN,LARKIN,0.0
351,359,LARKIN,LARKIN,0.0
351,360,LARKIN,LARKIN,0.0
352,372,LARKIN,LARKIN,0.0
352,358,LARKIN,LARKIN,0.0
353,364,LARKIN,LARKIN,0.0
353,362,LARKIN,LARKIN,0.0
353,361,LARKIN,LARKIN,0.0
354,369,LARKIN,LARKIN,0.0
354,368,LARKIN,LARKIN,0.0
354,357,LARKIN,LARKIN,0.0
355,366,LARKIN,LARKIN,0.0
355,371,LARKIN,LARKIN,0.0
356,363,LARKIN,LARKIN,0.0
356,359,LARKIN,LARKIN,0.0
357,372,LARKIN,LARKIN,0.0
357,368,LARKIN,LARKIN,0.0
359,427,LARKIN,PERLING,1.0942766498157932
359,365,LARKIN,LARKIN,0.0
359,364,LARKIN,LARKIN,0.0
359,363,LARKIN,LARKIN,0.0
360,364,LARKIN,LARKIN,0.0
360,362,LARKIN,LARKIN,0.0
360,365,LARKIN,LARKIN,0.0
360,363,LARKIN,LARKIN,0.0
361,362,LARKIN,LARKIN,0.0
362,364,LARKIN,LARKIN,0.0
364,365,LARKIN,LARKIN,0.0
366,371,LARKIN,LARKIN,0.0
367,382,LARKIN,PERLING,1.0942766498157932
367,394,LARKIN,PERLING,1.0942766498157932
367,370,LARKIN,LARKIN,0.0
368,369,LARKIN,LARKIN,0.0
368,372,LARKIN,LARKIN,0.0
370,380,LARKIN,PERLING,1.0942766498157932
370,394,LARKIN,PERLING,1.0942766498157932
372,427,LARKIN,PERLING,1.0942766498157932
373,407,PERLING,PERLING,0.0
373,383,PERLING,PERLING,0.0
373,396,PERLING,PERLING,0.0
373,403,PERLING,PERLING,0.0
374,376,PERLING,PERLING,0.0
374,378,PERLING,PERLING,0.0
374,377,PERLING,PERLING,0.0
374,408,PERLING,PERLING,0.0
374,375,PERLING,PERLING,0.0
375,376,PERLING,PERLING,0.0
375,408,PERLING,PERLING,0.0
376,398,PERLING,PERLING,0.0
376,404,PERLING,PERLING,0.0
376,378,PERLING,PERLING,0.0
377,380,PERLING,PERLING,0.0
377,411,PERLING,PERLING,0.0
377,379,PERLING,PERLING,0.0
377,378,PERLING,PERLING,0.0
378,379,PERLING,PERLING,0.0
378,412,PERLING,PERLING,0.0
378,404,PERLING,PERLING,0.0
379,412,PERLING,PERLING,0.0
379,421,PERLING,PERLING,0.0
379,411,PERLING,PERLING,0.0
379,418,PERLING,PERLING,0.0
379,401,PERLING,PERLING,0.0
379,433,PERLING,PERLING,0.0
379,410,PERLING,PERLING,0.0
380,411,PERLING,PERLING,0.0
380,390,PERLING,PERLING,0.0
380,394,PERLING,PERLING,0.0
380,395,PERLING,PERLING,0.0
381,424,PERLING,PERLING,0.0
381,427,PERLING,PERLING,0.0
381,429,PERLING,PERLING,0.0
381,423,PERLING,PERLING,0.0
381,396,PERLING,PERLING,0.0
381,428,PERLING,PERLING,0.0
382,394,PERLING,PERLING,0.0
382,424,PERLING,PERLING,0.0
382,416,PERLING,PERLING,0.0
383,525,PERLING,PERLING,0.0
383,407,PERLING,PERLING,0.0
383,403,PERLING,PERLING,0.0
384,414,PERLING,PERLING,0.0
384,415,PERLING,PERLING,0.0
384,412,PERLING,PERLING,0.0
384,421,PERLING,PERLING,0.0
384,404,PERLING,PERLING,0.0
385,432,PERLING,PERLING,0.0
385,388,PERLING,PERLING,0.0
385,415,PERLING,PERLING,0.0
385,397,PERLING,PERLING,0.0
385,414,PERLING,PERLING,0.0
385,399,PERLING,PERLING,0.0
386,419,PERLING,PERLING,0.0
386,389,PERLING,PERLING,0.0
386,417,PERLING,PERLING,0.0
386,426,PERLING,PERLING,0.0
386,420,PERLING,PERLING,0.0
386,425,PERLING,PERLING,0.0
386,400,PERLING,PERLING,0.0
387,431,PERLING,PERLING,0.0
387,405,PERLING,PERLING,0.0
387,409,PERLING,PERLING,0.0
387,432,PERLING,PERLING,0.0
387,420,PERLING,PERLING,0.0
388,432,PERLING,PERLING,0.0
388,402,PERLING,PERLING,0.0
388,426,PERLING,PERLING,0.0
388,400,PERLING,PERLING,0.0
389,393,PERLING,PERLING,0.0
389,472,PERLING,ISKANDAR PUTERI,1.0768041440227858
389,419,PERLING,PERLING,0.0
389,417,PERLING,PERLING,0.0
390,411,PERLING,PERLING,0.0
390,422,PERLING,PERLING,0.0
390,406,PERLING,PERLING,0.0
390,392,PERLING,PERLING,0.0
390,401,PERLING,PERLING,0.0
390,395,PERLING,PERLING,0.0
391,418,PERLING,PERLING,0.0
391,409,PERLING,PERLING,0.0
391,422,PERLING,PERLING,0.0
391,392,PERLING,PERLING,0.0
391,406,PERLING,PERLING,0.0
391,420,PERLING,PERLING,0.0
392,505,PERLING,ISKANDAR PUTERI,1.0768041440227858
392,472,PERLING,ISKANDAR PUTERI,1.0768041440227858
392,419,PERLING,PERLING,0.0
392,422,PERLING,PERLING,0.0
392,420,PERLING,PERLING,0.0
393,472,PERLING,ISKANDAR PUTERI,1.0768041440227858
393,446,PERLING,ISKANDAR PUTERI,1.0768041440227858
393,444,PERLING,ISKANDAR PUTERI,1.0768041440227858
393,417,PERLING,PERLING,0.0
394,395,PERLING,PERLING,0.0
394,416,PERLING,PERLING,0.0
395,424,PERLING,PERLING,0.0
395,429,PERLING,PERLING,0.0
395,416,PERLING,PERLING,0.0
396,423,PERLING,PERLING,0.0
396,429,PERLING,PERLING,0.0
396,525,PERLING,PERLING,0.0
396,407,PERLING,PERLING,0.0
396,403,PERLING,PERLING,0.0
396,430,PERLING,PERLING,0.0
397,413,PERLING,PERLING,0.0
397,414,PERLING,PERLING,0.0
399,414,PERLING,PERLING,0.0
399,415,PERLING,PERLING,0.0
400,426,PERLING,PERLING,0.0
400,425,PERLING,PERLING,0.0
400,432,PERLING,PERLING,0.0
401,406,PERLING,PERLING,0.0
401,411,PERLING,PERLING,0.0
401,418,PERLING,PERLING,0.0
401,410,PERLING,PERLING,0.0
402,426,PERLING,PERLING,0.0
403,430,PERLING,PERLING,0.0
404,412,PERLING,PERLING,0.0
405,418,PERLING,PERLING,0.0
405,409,PERLING,PERLING,0.0
405,431,PERLING,PERLING,0.0
406,422,PERLING,PERLING,0.0
406,418,PERLING,PERLING,0.0
407,525,PERLING,PERLING,0.0
409,418,PERLING,PERLING,0.0
409,420,PERLING,PERLING,0.0
410,433,PERLING,PERLING,0.0
410,411,PERLING,PERLING,0.0
411,433,PERLING,PERLING,0.0
412,421,PERLING,PERLING,0.0
413,414,PERLING,PERLING,0.0
414,415,PERLING,PERLING,0.0
415,432,PERLING,PERLING,0.0
415,421,PERLING,PERLING,0.0
416,424,PERLING,PERLING,0.0
417,426,PERLING,PERLING,0.0
417,444,PERLING,ISKANDAR PUTERI,1.0768041440227858
418,421,PERLING,PERLING,0.0
418,431,PERLING,PERLING,0.0
419,472,PERLING,ISKANDAR PUTERI,1.0768041440227858
419,420,PERLING,PERLING,0.0
420,432,PERLING,PERLING,0.0
420,425,PERLING,PERLING,0.0
421,431,PERLING,PERLING,0.0
421,432,PERLING,PERLING,0.0
423,428,PERLING,PERLING,0.0
423,430,PERLING,PERLING,0.0
424,427,PERLING,PERLING,0.0
424,429,PERLING,PERLING,0.0
425,432,PERLING,PERLING,0.0
427,428,PERLING,PERLING,0.0
428,430,PERLING,PERLING,0.0
429,525,PERLING,PERLING,0.0
431,432,PERLING,PERLING,0.0
434,439,ISKANDAR PUTERI,ISKANDAR PUTERI,0.0
434,436,ISKANDAR PUTERI,ISKANDAR PUTERI,0.0
434,435,ISKANDAR PUTERI,ISKANDAR PUTERI,0.0
434,478,ISKANDAR PUTERI,ISKANDAR PUTERI,0.0
434,461,ISKANDAR PUTERI,ISKANDAR PUTERI,0.0
435,436,ISKANDAR PUTERI,ISKANDAR PUTERI,0.0
435,478,ISKANDAR PUTERI,ISKANDAR PUTERI,0.0
436,463,ISKANDAR PUTERI,ISKANDAR PUTERI,0.0
436,454,ISKANDAR PUTERI,ISKANDAR PUTERI,0.0
436,441,ISKANDAR PUTERI,ISKANDAR PUTERI,0.0
436,455,ISKANDAR PUTERI,ISKANDAR PUTERI,0.0
436,487,ISKANDAR PUTERI,ISKANDAR PUTERI,0.0
436,480,ISKANDAR PUTERI,ISKANDAR PUTERI,0.0
436,464,ISKANDAR PUTERI,ISKANDAR PUTERI,0.0
436,440,ISKANDAR PUTERI,ISKANDAR PUTERI,0.0
436,461,ISKANDAR PUTERI,ISKANDAR PUTERI,0.0
436,438,ISKANDAR PUTERI,ISKANDAR PUTERI,0.0
437,462,ISKANDAR PUTERI,ISKANDAR PUTERI,0.0
437,515,ISKANDAR PUTERI,KEMPAS,0.9483773493856291
437,454,ISKANDAR PUTERI,ISKANDAR PUTERI,0.0
437,463,ISKANDAR PUTERI,ISKANDAR PUTERI,0.0
437,488,ISKANDAR PUTERI,ISKANDAR PUTERI,0.0
438,503,ISKANDAR PUTERI,ISKANDAR PUTERI,0.0
438,470,ISKANDAR PUTERI,ISKANDAR PUTERI,0.0
438,515,ISKANDAR PUTERI,KEMPAS,0.9483773493856291
438,479,ISKANDAR PUTERI,ISKANDAR PUTERI,0.0
438,461,ISKANDAR PUTERI,ISKANDAR PUTERI,0.0
438,463,ISKANDAR PUTERI,ISKANDAR PUTERI,0.0
438,481,ISKANDAR PUTERI,ISKANDAR PUTERI,0.0
439,470,ISKANDAR PUTERI,ISKANDAR PUTERI,0.0
439,479,ISKANDAR PUTERI,ISKANDAR PUTERI,0.0
439,461,ISKANDAR PUTERI,ISKANDAR PUTERI,0.0
440,480,ISKANDAR PUTERI,ISKANDAR PUTERI,0.0
440,441,ISKANDAR PUTERI,ISKANDAR PUTERI,0.0
441,490,ISKANDAR PUTERI,ISKANDAR PUTERI,0.0
441,442,ISKANDAR PUTERI,ISKANDAR PUTERI,0.0
441,455,ISKANDAR PUTERI,ISKANDAR PUTERI,0.0
442,443,ISKANDAR PUTERI,ISKANDAR PUTERI,0.0
442,445,ISKANDAR PUTERI,ISKANDAR PUTERI,0.0
442,490,ISKANDAR PUTERI,ISKANDAR PUTERI,0.0
442,495,ISKANDAR PUTERI,ISKANDAR PUTERI,0.0
443,445,ISKANDAR PUTERI,ISKANDAR PUTERI,0.0
443,514,ISKANDAR PUTERI,ISKANDAR PUTERI,0.0
443,484,ISKANDAR PUTERI,ISKANDAR PUTERI,0.0
443,444,ISKANDAR PUTERI,ISKANDAR PUTERI,0.0
444,446,ISKANDAR PUTERI,ISKANDAR PUTERI,0.0
444,484,ISKANDAR PUTERI,ISKANDAR PUTERI,0.0
444,471,ISKANDAR PUTERI,ISKANDAR PUTERI,0.0
445,514,ISKANDAR PUTERI,ISKANDAR PUTERI,0.0
445,458,ISKANDAR PUTERI,ISKANDAR PUTERI,0.0
445,494,ISKANDAR PUTERI,ISKANDAR PUTERI,0.0
445,495,ISKANDAR PUTERI,ISKANDAR PUTERI,0.0
446,472,ISKANDAR PUTERI,ISKANDAR PUTERI,0.0
446,514,ISKANDAR PUTERI,ISKANDAR PUTERI,0.0
446,484,ISKANDAR PUTERI,ISKANDAR PUTERI,0.0
446,471,ISKANDAR PUTERI,ISKANDAR PUTERI,0.0
446,477,ISKANDAR PUTERI,ISKANDAR PUTERI,0.0
446,447,ISKANDAR PUTERI,ISKANDAR PUTERI,0.0
446,469,ISKANDAR PUTERI,ISKANDAR PUTERI,0.0
447,514,ISKANDAR PUTERI,ISKANDAR PUTERI,0.0
447,469,ISKANDAR PUTERI,ISKANDAR PUTERI,0.0
447,492,ISKANDAR PUTERI,ISKANDAR PUTERI,0.0
447,501,ISKANDAR PUTERI,ISKANDAR PUTERI,0.0
447,476,ISKANDAR PUTERI,ISKANDAR PUTERI,0.0
447,448,ISKANDAR PUTERI,ISKANDAR PUTERI,0.0
447,482,ISKANDAR PUTERI,ISKANDAR PUTERI,0.0
447,507,ISKANDAR PUTERI,ISKANDAR PUTERI,0.0
448,501,ISKANDAR PUTERI,ISKANDAR PUTERI,0.0
448,491,ISKANDAR PUTERI,ISKANDAR PUTERI,0.0
448,497,ISKANDAR PUTERI,ISKANDAR PUTERI,0.0
448,449,ISKANDAR PUTERI,ISKANDAR PUTERI,0.0
448,507,ISKANDAR PUTERI,ISKANDAR PUTERI,0.0
449,513,ISKANDAR PUTERI,ISKANDAR PUTERI,0.0
449,489,ISKANDAR PUTERI,ISKANDAR PUTERI,0.0
449,452,ISKANDAR PUTERI,ISKANDAR PUTERI,0.0
449,497,ISKANDAR PUTERI,ISKANDAR PUTERI,0.0
449,457,ISKANDAR PUTERI,ISKANDAR PUTERI,0.0
449,496,ISKANDAR PUTERI,ISKANDAR PUTERI,0.0
449,482,ISKANDAR PUTERI,ISKANDAR PUTERI,0.0
449,507,ISKANDAR PUTERI,ISKANDAR PUTERI,0.0
450,504,ISKANDAR PUTERI,ISKANDAR PUTERI,0.0
450,505,ISKANDAR PUTERI,ISKANDAR PUTERI,0.0
450,502,ISKANDAR PUTERI,ISKANDAR PUTERI,0.0
450,498,ISKANDAR PUTERI,ISKANDAR PUTERI,0.0
450,451,ISKANDAR PUTERI,ISKANDAR PUTERI,0.0
451,508,ISKANDAR PUTERI,ISKANDAR PUTERI,0.0
451,460,ISKANDAR PUTERI,ISKANDAR PUTERI,0.0
451,504,ISKANDAR PUTERI,ISKANDAR PUTERI,0.0
451,475,ISKANDAR PUTERI,ISKANDAR PUTERI,0.0
451,498,ISKANDAR PUTERI,ISKANDAR PUTERI,0.0
452,453,ISKANDAR PUTERI,ISKANDAR PUTERI,0.0
452,491,ISKANDAR PUTERI,ISKANDAR PUTERI,0.0
452,513,ISKANDAR PUTERI,ISKANDAR PUTERI,0.0
452,512,ISKANDAR PUTERI,ISKANDAR PUTERI,0.0
452,497,ISKANDAR PUTERI,ISKANDAR PUTERI,0.0
452,493,ISKANDAR PUTERI,ISKANDAR PUTERI,0.0
453,491,ISKANDAR PUTERI,ISKANDAR PUTERI,0.0
453,493,ISKANDAR PUTERI,ISKANDAR PUTERI,0.0
453,509,ISKANDAR PUTERI,ISKANDAR PUTERI,0.0
453,502,ISKANDAR PUTERI,ISKANDAR PUTERI,0.0
453,501,ISKANDAR PUTERI,ISKANDAR PUTERI,0.0
454,462,ISKANDAR PUTERI,ISKANDAR PUTERI,0.0
454,486,ISKANDAR PUTERI,ISKANDAR PUTERI,0.0
454,499,ISKANDAR PUTERI,ISKANDAR PUTERI,0.0
454,463,ISKANDAR PUTERI,ISKANDAR PUTERI,0.0
454,464,ISKANDAR PUTERI,ISKANDAR PUTERI,0.0
455,466,ISKANDAR PUTERI,ISKANDAR PUTERI,0.0
455,465,ISKANDAR PUTERI,ISKANDAR PUTERI,0.0
455,490,ISKANDAR PUTERI,ISKANDAR PUTERI,0.0
455,487,ISKANDAR PUTERI,ISKANDAR PUTERI,0.0
455,456,ISKANDAR PUTERI,ISKANDAR PUTERI,0.0
456,466,ISKANDAR PUTERI,ISKANDAR PUTERI,0.0
456,490,ISKANDAR PUTERI,ISKANDAR PUTERI,0.0
457,489,ISKANDAR PUTERI,ISKANDAR PUTERI,0.0
457,496,ISKANDAR PUTERI,ISKANDAR PUTERI,0.0
457,468,ISKANDAR PUTERI,ISKANDAR PUTERI,0.0
457,506,ISKANDAR PUTERI,ISKANDAR PUTERI,0.0
458,514,ISKANDAR PUTERI,ISKANDAR PUTERI,0.0
458,494,ISKANDAR PUTERI,ISKANDAR PUTERI,0.0
458,474,ISKANDAR PUTERI,ISKANDAR PUTERI,0.0
458,467,ISKANDAR PUTERI,ISKANDAR PUTERI,0.0
458,496,ISKANDAR PUTERI,ISKANDAR PUTERI,0.0
458,468,ISKANDAR PUTERI,ISKANDAR PUTERI,0.0
458,485,ISKANDAR PUTERI,ISKANDAR PUTERI,0.0
459,460,ISKANDAR PUTERI,ISKANDAR PUTERI,0.0
459,520,ISKANDAR PUTERI,ISKANDAR PUTERI,0.0
459,521,ISKANDAR PUTERI,ISKANDAR PUTERI,0.0
459,513,ISKANDAR PUTERI,ISKANDAR PUTERI,0.0
459,519,ISKANDAR PUTERI,ISKANDAR PUTERI,0.0
459,522,ISKANDAR PUTERI,ISKANDAR PUTERI,0.0
460,518,ISKANDAR PUTERI,ISKANDAR PUTERI,0.0
460,512,ISKANDAR PUTERI,ISKANDAR PUTERI,0.0
460,511,ISKANDAR PUTERI,ISKANDAR PUTERI,0.0
460,475,ISKANDAR PUTERI,ISKANDAR PUTERI,0.0
460,520,ISKANDAR PUTERI,ISKANDAR PUTERI,0.0
460,513,ISKANDAR PUTERI,ISKANDAR PUTERI,0.0
461,479,ISKANDAR PUTERI,ISKANDAR PUTERI,0.0
462,486,ISKANDAR PUTERI,ISKANDAR PUTERI,0.0
463,488,ISKANDAR PUTERI,ISKANDAR PUTERI,0.0
463,481,ISKANDAR PUTERI,ISKANDAR PUTERI,0.0
464,487,ISKANDAR PUTERI,ISKANDAR PUTERI,0.0
464,500,ISKANDAR PUTERI,ISKANDAR PUTERI,0.0
464,499,ISKANDAR PUTERI,ISKANDAR PUTERI,0.0
465,500,ISKANDAR PUTERI,ISKANDAR PUTERI,0.0
465,466,ISKANDAR PUTERI,ISKANDAR PUTERI,0.0
465,487,ISKANDAR PUTERI,ISKANDAR PUTERI,0.0
465,483,ISKANDAR PUTERI,ISKANDAR PUTERI,0.0
466,490,ISKANDAR PUTERI,ISKANDAR PUTERI,0.0
466,495,ISKANDAR PUTERI,ISKANDAR PUTERI,0.0
466,517,ISKANDAR PUTERI,ISKANDAR PUTERI,0.0
466,483,ISKANDAR PUTERI,ISKANDAR PUTERI,0.0
467,514,ISKANDAR PUTERI,ISKANDAR PUTERI,0.0
467,496,ISKANDAR PUTERI,ISKANDAR PUTERI,0.0
467,482,ISKANDAR PUTERI,ISKANDAR PUTERI,0.0
468,496,ISKANDAR PUTERI,ISKANDAR PUTERI,0.0
468,506,ISKANDAR PUTERI,ISKANDAR PUTERI,0.0
468,485,ISKANDAR PUTERI,ISKANDAR PUTERI,0.0
469,477,ISKANDAR PUTERI,ISKANDAR PUTERI,0.0
469,476,ISKANDAR PUTERI,ISKANDAR PUTERI,0.0
470,515,ISKANDAR PUTERI,KEMPAS,0.9483773493856291
470,479,ISKANDAR PUTERI,ISKANDAR PUTERI,0.0
470,503,ISKANDAR PUTERI,ISKANDAR PUTERI,0.0
471,484,ISKANDAR PUTERI,ISKANDAR PUTERI,0.0
472,505,ISKANDAR PUTERI,ISKANDAR PUTERI,0.0
472,502,ISKANDAR PUTERI,ISKANDAR PUTERI,0.0
472,509,ISKANDAR PUTERI,ISKANDAR PUTERI,0.0
472,477,ISKANDAR PUTERI,ISKANDAR PUTERI,0.0
473,495,ISKANDAR PUTERI,ISKANDAR PUTERI,0.0
473,494,ISKANDAR PUTERI,ISKANDAR PUTERI,0.0
473,517,ISKANDAR PUTERI,ISKANDAR PUTERI,0.0
473,483,ISKANDAR PUTERI,ISKANDAR PUTERI,0.0
474,494,ISKANDAR PUTERI,ISKANDAR PUTERI,0.0
474,489,ISKANDAR PUTERI,ISKANDAR PUTERI,0.0
474,506,ISKANDAR PUTERI,ISKANDAR PUTERI,0.0
474,485,ISKANDAR PUTERI,ISKANDAR PUTERI,0.0
475,498,ISKANDAR PUTERI,ISKANDAR PUTERI,0.0
475,511,ISKANDAR PUTERI,ISKANDAR PUTERI,0.0
475,510,ISKANDAR PUTERI,ISKANDAR PUTERI,0.0
476,492,ISKANDAR PUTERI,ISKANDAR PUTERI,0.0
476,477,ISKANDAR PUTERI,ISKANDAR PUTERI,0.0
477,509,ISKANDAR PUTERI,ISKANDAR PUTERI,0.0
477,492,ISKANDAR PUTERI,ISKANDAR PUTERI,0.0
479,503,ISKANDAR PUTERI,ISKANDAR PUTERI,0.0
481,488,ISKANDAR PUTERI,ISKANDAR PUTERI,0.0
481,515,ISKANDAR PUTERI,KEMPAS,0.9483773493856291
482,514,ISKANDAR PUTERI,ISKANDAR PUTERI,0.0
482,496,ISKANDAR PUTERI,ISKANDAR PUTERI,0.0
482,507,ISKANDAR PUTERI,ISKANDAR PUTERI,0.0
483,517,ISKANDAR PUTERI,ISKANDAR PUTERI,0.0
483,489,ISKANDAR PUTERI,ISKANDAR PUTERI,0.0
483,494,ISKANDAR PUTERI,ISKANDAR PUTERI,0.0
484,514,ISKANDAR PUTERI,ISKANDAR PUTERI,0.0
485,506,ISKANDAR PUTERI,ISKANDAR PUTERI,0.0
486,500,ISKANDAR PUTERI,ISKANDAR PUTERI,0.0
486,499,ISKANDAR PUTERI,ISKANDAR PUTERI,0.0
487,500,ISKANDAR PUTERI,ISKANDAR PUTERI,0.0
488,515,ISKANDAR PUTERI,KEMPAS,0.9483773493856291
489,494,ISKANDAR PUTERI,ISKANDAR PUTERI,0.0
489,506,ISKANDAR PUTERI,ISKANDAR PUTERI,0.0
490,495,ISKANDAR PUTERI,ISKANDAR PUTERI,0.0
491,497,ISKANDAR PUTERI,ISKANDAR PUTERI,0.0
491,501,ISKANDAR PUTERI,ISKANDAR PUTERI,0.0
492,509,ISKANDAR PUTERI,ISKANDAR PUTERI,0.0
492,501,ISKANDAR PUTERI,ISKANDAR PUTERI,0.0
493,512,ISKANDAR PUTERI,ISKANDAR PUTERI,0.0
493,502,ISKANDAR PUTERI,ISKANDAR PUTERI,0.0
493,498,ISKANDAR PUTERI,ISKANDAR PUTERI,0.0
493,510,ISKANDAR PUTERI,ISKANDAR PUTERI,0.0
494,495,ISKANDAR PUTERI,ISKANDAR PUTERI,0.0
495,517,ISKANDAR PUTERI,ISKANDAR PUTERI,0.0
498,502,ISKANDAR PUTERI,ISKANDAR PUTERI,0.0
498,510,ISKANDAR PUTERI,ISKANDAR PUTERI,0.0
499,500,ISKANDAR PUTERI,ISKANDAR PUTERI,0.0
501,509,ISKANDAR PUTERI,ISKANDAR PUTERI,0.0
502,505,ISKANDAR PUTERI,ISKANDAR PUTERI,0.0
502,509,ISKANDAR PUTERI,ISKANDAR PUTERI,0.0
504,505,ISKANDAR PUTERI,ISKANDAR PUTERI,0.0
504,508,ISKANDAR PUTERI,ISKANDAR PUTERI,0.0
505,508,ISKANDAR PUTERI,ISKANDAR PUTERI,0.0
510,512,ISKANDAR PUTERI,ISKANDAR PUTERI,0.0
510,511,ISKANDAR PUTERI,ISKANDAR PUTERI,0.0
511,512,ISKANDAR PUTERI,ISKANDAR PUTERI,0.0
512,513,ISKANDAR PUTERI,ISKANDAR PUTERI,0.0
516,524,STULANG,STULANG,0.0
516,523,STULANG,STULANG,0.0
518,522,ISKANDAR PUTERI,ISKANDAR PUTERI,0.0
518,520,ISKANDAR PUTERI,ISKANDAR PUTERI,0.0
518,519,ISKANDAR PUTERI,ISKANDAR PUTERI,0.0
519,520,ISKANDAR PUTERI,ISKANDAR PUTERI,0.0
519,521,ISKANDAR PUTERI,ISKANDAR PUTERI,0.0
519,522,ISKANDAR PUTERI,ISKANDAR PUTERI,0.0
520,521,ISKANDAR PUTERI,ISKANDAR PUTERI,0.0
