node_id,store_id,brand,region,longitude,latitude,community_id,is_generator,is_boundary_node
0,0,99 Speedmart,JOHOR JAYA,103.7929195,1.528385,3,False,False
1,1,99 Speedmart,JOHOR JAYA,103.8132539,1.5224585,2,False,True
2,3,99 Speedmart,JOHOR JAYA,103.8101011,1.5378128,3,False,False
3,10,99 Speedmart,JOHOR JAYA,103.8059339,1.539972,3,False,False
4,12,99 Speedmart,JOHOR JAYA,103.7864351,1.5218631,3,False,True
5,15,99 Speedmart,JOHOR JAYA,103.8094627,1.5321395,3,False,True
6,20,KK Super Mart,JOHOR JAYA,103.806088,1.5401116,3,False,False
7,23,99 Speedmart,JOHOR JAYA,103.7951571,1.5442607,3,False,False
8,40,99 Speedmart,JOHOR JAYA,103.793081,1.5344827,3,False,False
9,47,99 Speedmart,JOHOR JAYA,103.762705,1.5168964,4,False,False
10,52,99 Speedmart,JOHOR JAYA,103.8044874,1.5445289,3,False,False
11,53,99 Speedmart,JOHOR JAYA,103.7964105,1.5195836,3,False,True
12,54,99 Speedmart,JOHOR JAYA,103.790387,1.515677,4,False,True
13,63,99 Speedmart,JOHOR JAYA,103.8248439,1.5195921,2,False,True
14,66,99 Speedmart,JOHOR JAYA,103.8607197,1.5076347,2,False,False
15,117,99 Speedmart,JOHOR JAYA,103.8682861,1.5085005,2,False,True
16,217,KK Super Mart,JOHOR JAYA,103.7937721,1.5425616,3,False,False
17,219,KK Super Mart,JOHOR JAYA,103.810877,1.5365487,3,False,False
18,241,KK Super Mart,JOHOR JAYA,103.8669115,1.5089696,2,False,False
19,255,KK Super Mart,JOHOR JAYA,103.874589,1.49344,2,False,False
20,276,7-Eleven,JOHOR JAYA,103.785321,1.522289,4,False,True
21,283,Family Mart,JOHOR JAYA,103.8045111,1.5404758,3,False,False
22,284,Family Mart,JOHOR JAYA,103.7853192,1.5225334,4,False,True
23,311,Family Mart,JOHOR JAYA,103.8728633,1.4962035,2,False,False
24,336,7-Eleven,JOHOR JAYA,103.791584,1.527309,3,False,False
25,348,7-Eleven,JOHOR JAYA,103.8032771,1.5419495,3,False,False
26,351,7-Eleven,JOHOR JAYA,103.79548,1.534668,3,False,False
27,362,7-Eleven,JOHOR JAYA,103.8131975,1.5318608,3,False,False
28,369,7-Eleven,JOHOR JAYA,103.7920644,1.5303658,3,False,False
29,370,7-Eleven,JOHOR JAYA,103.7966529,1.519703,3,False,True
30,374,7-Eleven,JOHOR JAYA,103.8105353,1.536507,3,False,False
31,389,7-Eleven,JOHOR JAYA,103.8676167,1.5087434,2,False,False
32,392,7-Eleven,JOHOR JAYA,103.8743404,1.4944015,2,False,False
33,465,7-Eleven,JOHOR JAYA,103.8734119,1.5048398,2,False,False
34,515,MyNews,JOHOR JAYA,103.7869622,1.5250148,3,False,True
35,517,MyNews,JOHOR JAYA,103.8154845,1.5273425,3,False,True
36,533,MyNews,JOHOR JAYA,103.8733596,1.5049877,2,False,True
37,2,99 Speedmart,PUTERI WANGSA,103.7656412,1.5405578,4,False,True
38,4,99 Speedmart,PUTERI WANGSA,103.7844612,1.5503321,3,False,False
39,5,99 Speedmart,PUTERI WANGSA,103.7956174,1.5539195,3,False,False
40,7,99 Speedmart,PUTERI WANGSA,103.7524823,1.564025,8,False,True
41,8,99 Speedmart,PUTERI WANGSA,103.7429584,1.5681893,8,False,False
42,11,99 Speedmart,PUTERI WANGSA,103.7390867,1.5582765,8,False,False
43,13,99 Speedmart,PUTERI WANGSA,103.7652282,1.545215,3,False,True
44,16,99 Speedmart,PUTERI WANGSA,103.766968,1.5739801,3,False,False
45,17,99 Speedmart,PUTERI WANGSA,103.7800615,1.5579181,3,False,False
46,18,99 Speedmart,PUTERI WANGSA,103.7895704,1.55474,3,False,False
47,19,99 Speedmart,PUTERI WANGSA,103.749506,1.5470257,8,False,False
48,21,99 Speedmart,PUTERI WANGSA,103.7598251,1.5815474,3,False,True
49,22,99 Speedmart,PUTERI WANGSA,103.7441787,1.5412824,8,False,True
50,24,99 Speedmart,PUTERI WANGSA,103.7513316,1.5200778,4,False,False
51,25,99 Speedmart,PUTERI WANGSA,103.8007196,1.5713095,3,False,False
52,28,99 Speedmart,PUTERI WANGSA,103.7584292,1.574377,3,False,True
53,29,99 Speedmart,PUTERI WANGSA,103.811295,1.5774209,3,False,False
54,30,99 Speedmart,PUTERI WANGSA,103.7485915,1.5743094,8,False,False
55,31,99 Speedmart,PUTERI WANGSA,103.7604538,1.5518662,8,False,True
56,33,99 Speedmart,PUTERI WANGSA,103.788991,1.5456687,3,False,False
57,34,99 Speedmart,PUTERI WANGSA,103.7371165,1.5834309,8,False,False
58,35,99 Speedmart,PUTERI WANGSA,103.8005229,1.577464,3,False,False
59,37,99 Speedmart,PUTERI WANGSA,103.781037,1.547066,3,False,True
60,38,99 Speedmart,PUTERI WANGSA,103.7586687,1.5610008,3,False,True
61,39,99 Speedmart,PUTERI WANGSA,103.7685347,1.5792464,3,False,True
62,41,99 Speedmart,PUTERI WANGSA,103.8027509,1.5913199,3,False,False
63,42,99 Speedmart,PUTERI WANGSA,103.7331487,1.5632524,8,False,False
64,43,99 Speedmart,PUTERI WANGSA,103.7572968,1.5448311,8,False,True
65,44,99 Speedmart,PUTERI WANGSA,103.7558483,1.5551842,8,False,False
66,49,99 Speedmart,PUTERI WANGSA,103.794714,1.5655393,3,False,False
67,51,99 Speedmart,PUTERI WANGSA,103.724916,1.5775014,8,False,False
68,55,99 Speedmart,PUTERI WANGSA,103.8082719,1.5988472,3,False,False
69,69,99 Speedmart,PUTERI WANGSA,103.7951847,1.5978979,3,False,False
70,76,99 Speedmart,PUTERI WANGSA,103.7520249,1.6008388,8,False,True
71,79,99 Speedmart,PUTERI WANGSA,103.7178654,1.5523511,8,False,False
72,80,99 Speedmart,PUTERI WANGSA,103.7160037,1.5469442,8,False,False
73,81,99 Speedmart,PUTERI WANGSA,103.7119483,1.5562029,8,True,True
74,83,99 Speedmart,PUTERI WANGSA,103.7058105,1.5479869,8,False,False
75,86,99 Speedmart,PUTERI WANGSA,103.6785128,1.5969168,8,False,True
76,210,KK Super Mart,PUTERI WANGSA,103.8061653,1.5905498,3,False,False
77,211,KK Super Mart,PUTERI WANGSA,103.7567385,1.5726516,8,False,True
78,212,KK Super Mart,PUTERI WANGSA,103.7472426,1.5471918,8,False,False
79,213,KK Super Mart,PUTERI WANGSA,103.7585829,1.5599941,8,False,True
80,214,KK Super Mart,PUTERI WANGSA,103.8014824,1.5671922,3,False,False
81,215,KK Super Mart,PUTERI WANGSA,103.7708878,1.5281696,4,False,True
82,216,KK Super Mart,PUTERI WANGSA,103.7788696,1.5632619,3,False,False
83,218,KK Super Mart,PUTERI WANGSA,103.7912032,1.5534278,3,False,False
84,220,KK Super Mart,PUTERI WANGSA,103.7428411,1.5692133,8,False,False
85,222,KK Super Mart,PUTERI WANGSA,103.7482126,1.5387735,8,False,True
86,275,Family Mart,PUTERI WANGSA,103.7568278,1.5722185,8,False,True
87,277,Family Mart,PUTERI WANGSA,103.8003327,1.5626553,3,False,False
88,278,Family Mart,PUTERI WANGSA,103.8018392,1.5907416,3,False,False
89,279,Family Mart,PUTERI WANGSA,103.7811505,1.5587898,3,False,False
90,281,Family Mart,PUTERI WANGSA,103.7465789,1.5475422,8,False,False
91,282,Family Mart,PUTERI WANGSA,103.7572752,1.5297573,4,False,True
92,285,Family Mart,PUTERI WANGSA,103.7971693,1.553264,3,False,False
93,288,Family Mart,PUTERI WANGSA,103.7116507,1.5454929,8,False,False
94,330,7-Eleven,PUTERI WANGSA,103.759241,1.5887545,8,False,False
95,332,7-Eleven,PUTERI WANGSA,103.7487577,1.5742784,8,False,True
96,333,7-Eleven,PUTERI WANGSA,103.7372086,1.582965,8,False,False
97,334,7-Eleven,PUTERI WANGSA,103.8011086,1.5721558,3,False,False
98,337,7-Eleven,PUTERI WANGSA,103.7781524,1.5647155,3,False,False
99,339,7-Eleven,PUTERI WANGSA,103.8120607,1.5771632,3,False,False
100,340,7-Eleven,PUTERI WANGSA,103.776459,1.56177,3,False,True
101,341,7-Eleven,PUTERI WANGSA,103.8038951,1.568832,3,False,False
102,342,7-Eleven,PUTERI WANGSA,103.7787491,1.5616612,3,False,False
103,344,7-Eleven,PUTERI WANGSA,103.8068333,1.5906318,3,False,False
104,345,7-Eleven,PUTERI WANGSA,103.7583049,1.5767881,3,False,True
105,347,7-Eleven,PUTERI WANGSA,103.7745832,1.571438,3,False,False
106,349,7-Eleven,PUTERI WANGSA,103.7907179,1.5542013,3,False,False
107,350,7-Eleven,PUTERI WANGSA,103.7436816,1.5699882,8,False,False
108,352,7-Eleven,PUTERI WANGSA,103.7591169,1.5725447,3,False,True
109,356,7-Eleven,PUTERI WANGSA,103.7951889,1.5555036,3,False,False
110,357,7-Eleven,PUTERI WANGSA,103.7503663,1.5205126,4,False,True
111,359,7-Eleven,PUTERI WANGSA,103.7158409,1.5469453,8,False,False
112,364,7-Eleven,PUTERI WANGSA,103.7128071,1.5453251,8,False,False
113,365,7-Eleven,PUTERI WANGSA,103.7842466,1.5546985,3,False,False
114,367,7-Eleven,PUTERI WANGSA,103.7119583,1.5473113,8,False,False
115,368,7-Eleven,PUTERI WANGSA,103.7878558,1.5464189,3,False,False
116,371,7-Eleven,PUTERI WANGSA,103.7431428,1.5422874,8,False,True
117,372,7-Eleven,PUTERI WANGSA,103.7378449,1.5571739,8,False,False
118,373,7-Eleven,PUTERI WANGSA,103.7458098,1.5479342,8,False,False
119,375,7-Eleven,PUTERI WANGSA,103.7545329,1.5551315,8,False,False
120,377,7-Eleven,PUTERI WANGSA,103.762589,1.5451924,8,False,True
121,378,7-Eleven,PUTERI WANGSA,103.8001429,1.579839,3,False,False
122,381,7-Eleven,PUTERI WANGSA,103.7585678,1.5602908,8,False,True
123,383,7-Eleven,PUTERI WANGSA,103.7975711,1.5537451,3,False,False
124,384,7-Eleven,PUTERI WANGSA,103.7585808,1.5879389,8,False,False
125,386,7-Eleven,PUTERI WANGSA,103.7662009,1.5731337,3,False,False
126,396,7-Eleven,PUTERI WANGSA,103.7618485,1.5882637,8,False,True
127,405,7-Eleven,PUTERI WANGSA,103.7154498,1.5523704,8,False,False
128,406,7-Eleven,PUTERI WANGSA,103.7110709,1.5429701,8,False,False
129,408,7-Eleven,PUTERI WANGSA,103.7839004,1.5498877,3,False,False
130,509,MyNews,PUTERI WANGSA,103.7229211,1.5823947,8,False,False
131,510,MyNews,PUTERI WANGSA,103.7936792,1.5492989,3,False,False
132,511,MyNews,PUTERI WANGSA,103.798371,1.553658,3,False,False
133,512,MyNews,PUTERI WANGSA,103.7584605,1.5661735,3,False,True
134,513,MyNews,PUTERI WANGSA,103.796804,1.549699,3,False,False
135,514,MyNews,PUTERI WANGSA,103.7242533,1.5771182,8,False,False
136,516,MyNews,PUTERI WANGSA,103.7899654,1.5554127,3,False,False
137,518,MyNews,PUTERI WANGSA,103.7880814,1.5463409,3,False,False
138,519,MyNews,PUTERI WANGSA,103.7350412,1.5639165,8,False,False
139,520,MyNews,PUTERI WANGSA,103.7598062,1.5828397,8,False,True
140,521,MyNews,PUTERI WANGSA,103.7163516,1.5469405,8,False,False
141,552,CU,PUTERI WANGSA,103.7803488,1.560421,3,False,False
142,553,CU,PUTERI WANGSA,103.7955743,1.5542055,3,False,False
143,9,99 Speedmart,STULANG,103.7661519,1.5014017,4,False,False
144,103,99 Speedmart,STULANG,103.768196,1.491283,4,False,False
145,108,99 Speedmart,STULANG,103.7830739,1.4941632,4,False,False
146,109,99 Speedmart,STULANG,103.7755545,1.4826956,4,False,False
147,110,99 Speedmart,STULANG,103.7672366,1.4780451,4,False,False
148,229,KK Super Mart,STULANG,103.7844501,1.4932377,4,False,True
149,230,KK Super Mart,STULANG,103.768051,1.4872491,4,False,False
150,231,KK Super Mart,STULANG,103.768554,1.4931083,4,False,False
151,237,KK Super Mart,STULANG,103.7687401,1.4587112,4,False,False
152,280,Family Mart,STULANG,103.7768069,1.501839,4,False,False
153,292,Family Mart,STULANG,103.7683755,1.492217,4,False,False
154,297,Family Mart,STULANG,103.7675685,1.4843408,4,False,False
155,387,7-Eleven,STULANG,103.7890748,1.4980024,4,False,True
156,399,7-Eleven,STULANG,103.774611,1.4787306,4,False,True
157,414,7-Eleven,STULANG,103.7671099,1.4838832,4,False,False
158,425,7-Eleven,STULANG,103.773375,1.4809204,4,False,False
159,427,7-Eleven,STULANG,103.7645323,1.4634029,4,False,False
160,428,7-Eleven,STULANG,103.768637,1.4597849,4,False,False
161,429,7-Eleven,STULANG,103.7675936,1.4916583,4,False,False
162,452,7-Eleven,STULANG,103.7661501,1.4936844,4,False,False
163,455,7-Eleven,STULANG,103.7691562,1.4862176,4,False,False
164,459,7-Eleven,STULANG,103.7718486,1.4629294,4,False,True
165,525,MyNews,STULANG,103.7630485,1.4707038,4,False,False
166,526,MyNews,STULANG,103.778424,1.497856,4,False,False
167,530,MyNews,STULANG,103.762476,1.471088,4,False,False
168,531,MyNews,STULANG,103.7694567,1.4592273,4,False,True
169,555,CU,STULANG,103.7774187,1.5013338,4,False,False
170,82,99 Speedmart,KEMPAS,103.7102226,1.5364626,8,False,True
171,84,99 Speedmart,KEMPAS,103.6963687,1.5259138,8,False,True
172,85,99 Speedmart,KEMPAS,103.6886935,1.5341195,8,False,False
173,88,99 Speedmart,KEMPAS,103.6889222,1.5174938,8,False,True
174,91,99 Speedmart,KEMPAS,103.718204,1.511061,4,False,True
175,93,99 Speedmart,KEMPAS,103.6995833,1.5055,7,False,True
176,94,99 Speedmart,KEMPAS,103.7084525,1.5025634,4,False,True
177,95,99 Speedmart,KEMPAS,103.7011991,1.5137843,4,False,True
178,225,KK Super Mart,KEMPAS,103.7082198,1.5037389,4,False,True
179,226,KK Super Mart,KEMPAS,103.6831619,1.5131328,7,False,False
180,291,Family Mart,KEMPAS,103.6855381,1.5155291,7,False,False
181,296,Family Mart,KEMPAS,103.7054151,1.4954277,7,False,True
182,343,7-Eleven,KEMPAS,103.7307282,1.510479,4,False,True
183,355,7-Eleven,KEMPAS,103.7217552,1.5120146,4,False,True
184,388,7-Eleven,KEMPAS,103.6851193,1.516239,7,False,True
185,397,7-Eleven,KEMPAS,103.7008886,1.5133069,4,False,True
186,407,7-Eleven,KEMPAS,103.6956633,1.5271186,8,False,False
187,410,7-Eleven,KEMPAS,103.7010606,1.5136399,4,False,True
188,411,7-Eleven,KEMPAS,103.6878622,1.5334001,8,False,False
189,412,7-Eleven,KEMPAS,103.6857437,1.5156318,7,False,True
190,460,7-Eleven,KEMPAS,103.7187407,1.5099851,4,False,False
191,461,7-Eleven,KEMPAS,103.6880049,1.5180747,8,False,True
192,523,MyNews,KEMPAS,103.6865797,1.5152677,7,False,True
193,535,MyNews,KEMPAS,103.7057484,1.4949273,7,False,True
194,557,CU,KEMPAS,103.7082988,1.4999093,7,False,True
195,87,99 Speedmart,SKUDAI,103.6829399,1.5423005,8,False,False
196,100,99 Speedmart,SKUDAI,103.6741169,1.5533116,5,False,True
197,131,99 Speedmart,SKUDAI,103.6631286,1.5331578,5,False,False
198,132,99 Speedmart,SKUDAI,103.6537733,1.5452813,5,False,False
199,133,99 Speedmart,SKUDAI,103.6669656,1.5414764,5,False,False
200,134,99 Speedmart,SKUDAI,103.6440963,1.5441572,5,False,False
201,135,99 Speedmart,SKUDAI,103.6407236,1.5088882,5,False,True
202,136,99 Speedmart,SKUDAI,103.6520124,1.5088674,5,False,True
203,137,99 Speedmart,SKUDAI,103.6558635,1.512758,7,False,True
204,138,99 Speedmart,SKUDAI,103.6661855,1.5242715,5,False,True
205,139,99 Speedmart,SKUDAI,103.6639913,1.5233807,5,False,True
206,140,99 Speedmart,SKUDAI,103.6500431,1.5092038,5,False,True
207,141,99 Speedmart,SKUDAI,103.6410043,1.5191746,5,False,False
208,143,99 Speedmart,SKUDAI,103.659893,1.5189567,7,False,True
209,144,99 Speedmart,SKUDAI,103.6379394,1.5083043,5,False,False
210,149,99 Speedmart,SKUDAI,103.6403106,1.4909357,7,False,True
211,151,99 Speedmart,SKUDAI,103.6353714,1.493629,5,False,True
212,176,99 Speedmart,SKUDAI,103.6264145,1.4923096,5,False,True
213,242,KK Super Mart,SKUDAI,103.6545459,1.5445875,5,False,False
214,243,KK Super Mart,SKUDAI,103.6518669,1.5093912,5,False,False
215,244,KK Super Mart,SKUDAI,103.6670577,1.5162351,7,False,True
216,245,KK Super Mart,SKUDAI,103.655572,1.5117555,7,False,True
217,247,KK Super Mart,SKUDAI,103.6596768,1.5216916,5,False,True
218,259,KK Super Mart,SKUDAI,103.6388387,1.5081065,5,False,False
219,260,KK Super Mart,SKUDAI,103.6319177,1.5146394,5,False,False
220,290,Family Mart,SKUDAI,103.683737,1.5457036,8,False,True
221,304,Family Mart,SKUDAI,103.6782221,1.5234954,8,False,True
222,306,Family Mart,SKUDAI,103.653765,1.513903,5,False,True
223,315,Family Mart,SKUDAI,103.6318615,1.5145819,5,False,False
224,400,7-Eleven,SKUDAI,103.6679978,1.5157646,7,False,False
225,403,7-Eleven,SKUDAI,103.6841729,1.5402193,8,False,True
226,413,7-Eleven,SKUDAI,103.6658821,1.5319055,5,False,True
227,415,7-Eleven,SKUDAI,103.6610447,1.5386964,5,False,False
228,419,7-Eleven,SKUDAI,103.6541455,1.5139459,5,False,True
229,421,7-Eleven,SKUDAI,103.6526306,1.5092654,5,False,True
230,431,7-Eleven,SKUDAI,103.6687846,1.5394888,5,False,True
231,432,7-Eleven,SKUDAI,103.641612,1.5098186,5,False,False
232,433,7-Eleven,SKUDAI,103.6608094,1.5200826,5,False,True
233,435,7-Eleven,SKUDAI,103.6401075,1.4902786,7,False,True
234,493,7-Eleven,SKUDAI,103.6386337,1.5073628,5,False,True
235,496,7-Eleven,SKUDAI,103.6326713,1.5147982,5,False,False
236,522,MyNews,SKUDAI,103.682087,1.5423175,8,False,True
237,534,MyNews,SKUDAI,103.6679967,1.516144,7,False,True
238,561,CU,SKUDAI,103.6697913,1.5151311,7,False,True
239,563,CU,SKUDAI,103.6317121,1.5138452,5,False,False
240,6,99 Speedmart,TIRAM,103.8043569,1.5553946,3,False,False
241,26,99 Speedmart,TIRAM,103.8008101,1.5635136,3,False,False
242,32,99 Speedmart,TIRAM,103.8131805,1.5662359,3,False,False
243,48,99 Speedmart,TIRAM,103.8133581,1.5468419,3,False,False
244,50,99 Speedmart,TIRAM,103.8087931,1.5615234,3,False,False
245,57,99 Speedmart,TIRAM,103.8178105,1.552997,3,False,True
246,61,99 Speedmart,TIRAM,103.8190581,1.5875006,3,False,False
247,68,99 Speedmart,TIRAM,103.822602,1.5993225,3,False,False
248,73,99 Speedmart,TIRAM,103.8104727,1.6101419,3,False,False
249,74,99 Speedmart,TIRAM,103.823,1.6145278,3,False,False
250,75,99 Speedmart,TIRAM,103.8148422,1.622756,3,False,False
251,122,99 Speedmart,TIRAM,103.9527774,1.4901508,1,False,False
252,124,99 Speedmart,TIRAM,103.9253183,1.5234962,1,False,False
253,125,99 Speedmart,TIRAM,103.9359817,1.4552382,1,False,False
254,127,99 Speedmart,TIRAM,103.9225347,1.5072792,1,False,False
255,194,99 Speedmart,TIRAM,103.9278038,1.4932242,1,False,False
256,195,99 Speedmart,TIRAM,103.9318762,1.4735429,1,False,False
257,196,99 Speedmart,TIRAM,103.9473441,1.521353,1,False,False
258,197,99 Speedmart,TIRAM,103.953506,1.4831747,1,True,False
259,198,99 Speedmart,TIRAM,103.944834,1.4840994,1,False,False
260,207,99 Speedmart,TIRAM,103.9318422,1.4412045,1,False,False
261,209,KK Super Mart,TIRAM,103.8127014,1.5477409,3,False,False
262,221,KK Super Mart,TIRAM,103.8078742,1.5620354,3,True,False
263,223,KK Super Mart,TIRAM,103.8123812,1.6025282,3,False,False
264,224,KK Super Mart,TIRAM,103.8229309,1.5979967,3,False,False
265,269,KK Super Mart,TIRAM,103.946021,1.4840286,1,False,False
266,270,KK Super Mart,TIRAM,103.9322371,1.4429087,1,False,False
267,287,7-Eleven,TIRAM,103.812626,1.6024605,3,False,False
268,312,Family Mart,TIRAM,103.9228823,1.5096203,1,False,False
269,327,Family Mart,TIRAM,103.9369429,1.4854138,1,False,False
270,328,Family Mart,TIRAM,103.949947,1.4848588,1,False,False
271,331,7-Eleven,TIRAM,103.8137397,1.5476329,3,False,False
272,338,7-Eleven,TIRAM,103.8101175,1.5589067,3,False,False
273,361,7-Eleven,TIRAM,103.793325,1.598635,3,False,True
274,366,7-Eleven,TIRAM,103.8233357,1.5991844,3,False,False
275,379,7-Eleven,TIRAM,103.8007657,1.5631988,3,False,False
276,382,7-Eleven,TIRAM,103.814286,1.5663842,3,False,False
277,466,7-Eleven,TIRAM,103.8217681,1.6130862,3,False,False
278,489,7-Eleven,TIRAM,103.927966,1.490864,1,False,False
279,499,7-Eleven,TIRAM,103.932216,1.4432638,1,False,False
280,500,7-Eleven,TIRAM,103.9378758,1.485694,1,False,False
281,501,7-Eleven,TIRAM,103.946334,1.4841132,1,False,False
282,502,7-Eleven,TIRAM,103.9488324,1.4848149,1,False,False
283,503,7-Eleven,TIRAM,103.9531867,1.4837989,1,False,False
284,556,CU,TIRAM,103.8089787,1.5611935,3,False,False
285,566,CU,TIRAM,103.9375407,1.4847329,1,False,False
286,45,99 Speedmart,PERMAS,103.818485,1.5122329,2,False,True
287,46,99 Speedmart,PERMAS,103.8121287,1.4973519,2,False,True
288,58,99 Speedmart,PERMAS,103.820883,1.5046481,2,False,False
289,59,99 Speedmart,PERMAS,103.8503317,1.4999635,2,False,False
290,60,99 Speedmart,PERMAS,103.8196159,1.499223,2,False,False
291,62,KK Super Mart,PERMAS,103.815491,1.4968691,2,False,False
292,64,99 Speedmart,PERMAS,103.8704213,1.4895432,2,False,False
293,65,99 Speedmart,PERMAS,103.8427096,1.4933568,2,False,False
294,70,99 Speedmart,PERMAS,103.8431772,1.4917918,2,True,False
295,72,99 Speedmart,PERMAS,103.8183992,1.4896712,2,False,True
296,78,99 Speedmart,PERMAS,103.8825144,1.4861352,2,False,False
297,118,99 Speedmart,PERMAS,103.8673962,1.4869837,2,False,False
298,119,99 Speedmart,PERMAS,103.8809482,1.49444,2,False,True
299,120,99 Speedmart,PERMAS,103.8498659,1.4914485,2,False,False
300,121,99 Speedmart,PERMAS,103.8746023,1.4865419,2,False,False
301,123,99 Speedmart,PERMAS,103.8604377,1.4901813,2,False,False
302,126,99 Speedmart,PERMAS,103.899613,1.4829994,2,False,False
303,161,99 Speedmart,PERMAS,103.8681072,1.4739423,2,False,True
304,162,99 Speedmart,PERMAS,103.8691389,1.4804444,2,False,False
305,163,99 Speedmart,PERMAS,103.8968088,1.4730458,2,False,True
306,164,99 Speedmart,PERMAS,103.9152222,1.51275,1,False,True
307,165,99 Speedmart,PERMAS,103.9153031,1.5022112,1,False,True
308,192,99 Speedmart,PERMAS,103.9126549,1.4584984,1,False,True
309,193,99 Speedmart,PERMAS,103.9094722,1.4881944,1,False,True
310,240,KK Super Mart,PERMAS,103.8425751,1.4928657,2,False,False
311,253,KK Super Mart,PERMAS,103.8689543,1.48064,2,False,False
312,254,KK Super Mart,PERMAS,103.8489216,1.490711,2,False,False
313,261,KK Super Mart,PERMAS,103.8951461,1.4785298,2,False,False
314,302,Family Mart,PERMAS,103.8146795,1.4961556,2,False,False
315,319,Family Mart,PERMAS,103.896195,1.4780715,2,False,False
316,354,7-Eleven,PERMAS,103.8154996,1.4969678,2,False,False
317,376,7-Eleven,PERMAS,103.8160611,1.5007272,2,False,False
318,390,7-Eleven,PERMAS,103.8697099,1.4798251,2,False,False
319,391,7-Eleven,PERMAS,103.840813,1.4897019,2,False,False
320,393,7-Eleven,PERMAS,103.915407,1.512773,1,False,False
321,394,7-Eleven,PERMAS,103.8497429,1.489517,2,False,False
322,395,7-Eleven,PERMAS,103.8424579,1.49267,2,False,False
323,398,7-Eleven,PERMAS,103.8309598,1.489155,2,False,False
324,430,7-Eleven,PERMAS,103.8122485,1.4981442,2,False,True
325,462,7-Eleven,PERMAS,103.8821895,1.4869198,2,False,False
326,463,7-Eleven,PERMAS,103.8799296,1.4960407,2,False,True
327,464,7-Eleven,PERMAS,103.9153779,1.500454,1,False,False
328,482,7-Eleven,PERMAS,103.897656,1.472669,2,False,True
329,483,7-Eleven,PERMAS,103.8941562,1.4790066,2,False,False
330,484,7-Eleven,PERMAS,103.9014733,1.4838593,2,False,True
331,485,7-Eleven,PERMAS,103.820967,1.50458,2,False,False
332,486,7-Eleven,PERMAS,103.8892806,1.4834258,2,False,False
333,487,7-Eleven,PERMAS,103.9136849,1.4581765,1,False,False
334,488,7-Eleven,PERMAS,103.9099199,1.4882246,1,False,True
335,490,7-Eleven,PERMAS,103.9178912,1.4907444,1,False,False
336,543,MyNews,PERMAS,103.8958595,1.4769024,2,False,False
337,560,CU,PERMAS,103.8151972,1.4965159,2,False,False
338,564,CU,PERMAS,103.8938711,1.478562,2,False,False
339,14,99 Speedmart,LARKIN,103.7493975,1.5094736,4,False,False
340,27,99 Speedmart,LARKIN,103.7301603,1.5102642,4,False,False
341,36,99 Speedmart,LARKIN,103.7477596,1.5012916,4,False,False
342,96,99 Speedmart,LARKIN,103.7370942,1.4968545,4,False,False
343,98,99 Speedmart,LARKIN,103.7116349,1.4905769,4,False,True
344,101,99 Speedmart,LARKIN,103.7536631,1.4942662,4,False,False
345,106,99 Speedmart,LARKIN,103.7239705,1.4872725,4,False,False
346,111,99 Speedmart,LARKIN,103.7608123,1.4872045,4,False,False
347,112,99 Speedmart,LARKIN,103.7629105,1.4908112,4,False,False
348,114,99 Speedmart,LARKIN,103.7515913,1.486253,4,False,False
349,227,KK Super Mart,LARKIN,103.7176826,1.4995093,4,False,False
350,232,KK Super Mart,LARKIN,103.7615156,1.4859617,4,False,False
351,233,KK Super Mart,LARKIN,103.7419357,1.4970329,4,False,False
352,234,KK Super Mart,LARKIN,103.7642115,1.481063,4,False,False
353,235,KK Super Mart,LARKIN,103.7537865,1.4949396,4,False,False
354,236,KK Super Mart,LARKIN,103.7542634,1.4860929,4,False,False
355,289,Family Mart,LARKIN,103.7178253,1.4998639,4,False,False
356,295,Family Mart,LARKIN,103.7411478,1.4957873,4,False,False
357,298,Family Mart,LARKIN,103.7542023,1.4859808,4,False,False
358,300,Family Mart,LARKIN,103.7619976,1.4859251,4,False,False
359,310,Family Mart,LARKIN,103.741247,1.4955136,4,True,False
360,335,7-Eleven,LARKIN,103.7467776,1.5004691,4,False,False
361,346,7-Eleven,LARKIN,103.760292,1.5049595,4,False,False
362,353,7-Eleven,LARKIN,103.7487933,1.5008491,4,False,False
363,358,7-Eleven,LARKIN,103.7399323,1.4968745,4,False,False
364,363,7-Eleven,LARKIN,103.7534911,1.4947764,4,False,False
365,380,7-Eleven,LARKIN,103.7421634,1.4970766,4,False,False
366,418,7-Eleven,LARKIN,103.7102723,1.4990032,4,False,True
367,451,7-Eleven,LARKIN,103.7236293,1.4871832,4,False,True
368,454,7-Eleven,LARKIN,103.7600592,1.4867137,4,False,False
369,456,7-Eleven,LARKIN,103.7548326,1.4874208,4,False,False
370,457,7-Eleven,LARKIN,103.7124878,1.4895676,4,False,True
371,458,7-Eleven,LARKIN,103.7176749,1.4995132,4,False,False
372,558,CU,LARKIN,103.7539702,1.4856416,4,False,False
373,56,99 Speedmart,PERLING,103.7649642,1.4591726,4,False,False
374,89,99 Speedmart,PERLING,103.6853095,1.5036412,7,False,False
375,90,99 Speedmart,PERLING,103.6871745,1.5072521,7,False,False
376,92,99 Speedmart,PERLING,103.6819451,1.5126012,7,False,False
377,97,99 Speedmart,PERLING,103.7025499,1.4948729,7,False,False
378,99,99 Speedmart,PERLING,103.6802953,1.4973969,7,False,False
379,102,99 Speedmart,PERLING,103.6795358,1.4937668,7,False,False
380,104,99 Speedmart,PERLING,103.7118379,1.4877362,7,False,True
381,105,99 Speedmart,PERLING,103.7369955,1.4698179,4,False,False
382,107,99 Speedmart,PERLING,103.7231973,1.4863177,4,False,True
383,116,99 Speedmart,PERLING,103.7654118,1.4592337,4,False,False
384,142,99 Speedmart,PERLING,103.6663227,1.4969389,7,False,False
385,146,99 Speedmart,PERLING,103.6531202,1.493375,7,False,False
386,152,99 Speedmart,PERLING,103.6496445,1.4783733,7,False,False
387,153,99 Speedmart,PERLING,103.6636495,1.4802821,7,False,False
388,154,99 Speedmart,PERLING,103.6481781,1.4849223,7,False,False
389,155,99 Speedmart,PERLING,103.6471983,1.4693035,7,False,False
390,156,99 Speedmart,PERLING,103.6806608,1.4723352,7,False,False
391,157,99 Speedmart,PERLING,103.6728016,1.4732864,7,False,False
392,158,99 Speedmart,PERLING,103.654674,1.4645531,7,False,True
393,159,99 Speedmart,PERLING,103.6397299,1.4736541,7,False,True
394,228,KK Super Mart,PERLING,103.7186863,1.4839227,7,False,True
395,238,KK Super Mart,PERLING,103.7264506,1.4651343,7,False,True
396,239,KK Super Mart,PERLING,103.7631703,1.4588505,4,False,False
397,246,KK Super Mart,PERLING,103.6502398,1.4997898,7,False,True
398,248,KK Super Mart,PERLING,103.67916,1.5196715,7,False,True
399,249,KK Super Mart,PERLING,103.6567348,1.4941607,7,False,False
400,250,KK Super Mart,PERLING,103.6504329,1.4793019,7,False,False
401,251,KK Super Mart,PERLING,103.6837927,1.4807795,7,False,False
402,252,KK Super Mart,PERLING,103.6473405,1.4846905,7,False,False
403,301,Family Mart,PERLING,103.7639603,1.461799,4,False,False
404,305,Family Mart,PERLING,103.6688655,1.5143523,7,False,False
405,307,Family Mart,PERLING,103.6652951,1.4807294,7,False,False
406,308,Family Mart,PERLING,103.6792995,1.4760497,7,False,False
407,385,7-Eleven,PERLING,103.7646143,1.4584263,4,False,False
408,401,7-Eleven,PERLING,103.6880548,1.5071782,7,False,True
409,402,7-Eleven,PERLING,103.6648914,1.4790688,7,False,False
410,404,7-Eleven,PERLING,103.6839313,1.4809586,7,True,False
411,416,7-Eleven,PERLING,103.6861075,1.4825746,7,False,False
412,417,7-Eleven,PERLING,103.6676788,1.4970437,7,False,False
413,420,7-Eleven,PERLING,103.65203,1.500516,7,False,True
414,422,7-Eleven,PERLING,103.6556156,1.4964264,7,False,False
415,423,7-Eleven,PERLING,103.6579039,1.4932588,7,False,False
416,426,7-Eleven,PERLING,103.7191331,1.4837618,4,False,True
417,439,7-Eleven,PERLING,103.6405424,1.4765802,7,False,True
418,442,7-Eleven,PERLING,103.6666958,1.4810457,7,False,False
419,443,7-Eleven,PERLING,103.6504505,1.4689404,7,False,False
420,444,7-Eleven,PERLING,103.6546719,1.4722469,7,False,False
421,447,7-Eleven,PERLING,103.6627677,1.4873973,7,False,False
422,448,7-Eleven,PERLING,103.6745643,1.4732394,7,False,False
423,450,7-Eleven,PERLING,103.7619414,1.4634405,4,False,False
424,453,7-Eleven,PERLING,103.7365577,1.4715846,4,False,True
425,477,7-Eleven,PERLING,103.6507974,1.4787645,7,False,False
426,479,7-Eleven,PERLING,103.647353,1.484581,7,False,False
427,524,MyNews,PERLING,103.7413035,1.4759472,4,False,False
428,527,MyNews,PERLING,103.7619638,1.4639523,4,False,False
429,528,MyNews,PERLING,103.7289788,1.4642997,4,False,True
430,529,MyNews,PERLING,103.7630693,1.4626269,4,False,False
431,536,MyNews,PERLING,103.662865,1.481873,7,False,False
432,537,MyNews,PERLING,103.6558436,1.481769,7,False,False
433,562,CU,PERLING,103.6848805,1.4821153,7,False,False
434,145,99 Speedmart,ISKANDAR PUTERI,103.6335787,1.532589,5,False,False
435,148,99 Speedmart,ISKANDAR PUTERI,103.6358889,1.5225833,5,False,False
436,160,99 Speedmart,ISKANDAR PUTERI,103.6202222,1.5300833,5,False,False
437,167,99 Speedmart,ISKANDAR PUTERI,103.6141063,1.5619959,5,False,False
438,168,99 Speedmart,ISKANDAR PUTERI,103.6245818,1.5447932,5,False,False
439,171,99 Speedmart,ISKANDAR PUTERI,103.6303502,1.5391096,5,False,False
440,173,99 Speedmart,ISKANDAR PUTERI,103.6296025,1.512863,5,False,False
441,174,99 Speedmart,ISKANDAR PUTERI,103.6215455,1.5048459,5,False,True
442,178,99 Speedmart,ISKANDAR PUTERI,103.61675,1.4952097,6,False,True
443,180,99 Speedmart,ISKANDAR PUTERI,103.6159228,1.4707158,6,False,True
444,181,99 Speedmart,ISKANDAR PUTERI,103.6245979,1.4687683,6,False,True
445,182,99 Speedmart,ISKANDAR PUTERI,103.6032159,1.4797542,6,False,False
446,183,99 Speedmart,ISKANDAR PUTERI,103.6239385,1.4635605,6,False,True
447,184,99 Speedmart,ISKANDAR PUTERI,103.6186247,1.4399246,6,False,False
448,185,99 Speedmart,ISKANDAR PUTERI,103.5981349,1.4418607,6,False,False
449,186,99 Speedmart,ISKANDAR PUTERI,103.5886944,1.4436097,6,False,True
450,187,99 Speedmart,ISKANDAR PUTERI,103.6527439,1.4158869,0,False,True
451,188,99 Speedmart,ISKANDAR PUTERI,103.6351354,1.3940186,0,False,False
452,190,99 Speedmart,ISKANDAR PUTERI,103.5928925,1.4196928,6,False,True
453,191,99 Speedmart,ISKANDAR PUTERI,103.6221944,1.4174532,6,False,False
454,199,99 Speedmart,ISKANDAR PUTERI,103.5839653,1.5446979,5,False,False
455,200,99 Speedmart,ISKANDAR PUTERI,103.5828655,1.5262541,5,False,True
456,201,99 Speedmart,ISKANDAR PUTERI,103.5863056,1.4914444,6,False,True
457,202,99 Speedmart,ISKANDAR PUTERI,103.5814323,1.4566944,6,False,False
458,204,99 Speedmart,ISKANDAR PUTERI,103.5954055,1.4569799,6,False,False
459,205,99 Speedmart,ISKANDAR PUTERI,103.5673628,1.3658923,0,False,False
460,206,99 Speedmart,ISKANDAR PUTERI,103.5910639,1.3768452,0,False,False
461,256,KK Super Mart,ISKANDAR PUTERI,103.6284817,1.5392988,5,False,False
462,257,KK Super Mart,ISKANDAR PUTERI,103.6134002,1.5624344,5,False,False
463,258,KK Super Mart,ISKANDAR PUTERI,103.6240319,1.545248,5,False,False
464,263,KK Super Mart,ISKANDAR PUTERI,103.5836573,1.5435119,5,False,False
465,264,KK Super Mart,ISKANDAR PUTERI,103.5819717,1.5272656,5,False,True
466,265,KK Super Mart,ISKANDAR PUTERI,103.5854477,1.4900454,6,False,True
467,266,KK Super Mart,ISKANDAR PUTERI,103.5955069,1.4503584,6,False,False
468,267,KK Super Mart,ISKANDAR PUTERI,103.584464,1.4587323,6,False,False
469,268,Family Mart,ISKANDAR PUTERI,103.62022,1.4392556,6,False,False
470,313,Family Mart,ISKANDAR PUTERI,103.6302155,1.5437598,5,False,False
471,316,Family Mart,ISKANDAR PUTERI,103.6228648,1.4648485,6,False,False
472,317,7-Eleven,ISKANDAR PUTERI,103.6442568,1.4584452,7,False,True
473,322,Family Mart,ISKANDAR PUTERI,103.583163,1.4775715,6,False,False
474,323,Family Mart,ISKANDAR PUTERI,103.5841078,1.4610675,6,False,False
475,324,Family Mart,ISKANDAR PUTERI,103.6311412,1.3966011,0,False,False
476,326,7-Eleven,ISKANDAR PUTERI,103.6200062,1.4382124,6,False,False
477,329,CU,ISKANDAR PUTERI,103.6205212,1.4390764,6,False,True
478,434,7-Eleven,ISKANDAR PUTERI,103.6362849,1.5222246,5,False,False
479,436,7-Eleven,ISKANDAR PUTERI,103.6291353,1.5411058,5,True,False
480,437,7-Eleven,ISKANDAR PUTERI,103.6298171,1.5132012,5,False,False
481,438,7-Eleven,ISKANDAR PUTERI,103.6242599,1.545103,5,False,False
482,445,7-Eleven,ISKANDAR PUTERI,103.5982281,1.4422268,6,False,False
483,446,7-Eleven,ISKANDAR PUTERI,103.5825032,1.4785207,6,False,True
484,449,7-Eleven,ISKANDAR PUTERI,103.616793,1.4681054,6,False,False
485,471,7-Eleven,ISKANDAR PUTERI,103.5842167,1.4602938,6,False,False
486,472,7-Eleven,ISKANDAR PUTERI,103.5805266,1.5547801,5,False,False
487,473,7-Eleven,ISKANDAR PUTERI,103.5829884,1.5277889,5,False,False
488,474,7-Eleven,ISKANDAR PUTERI,103.623705,1.5504259,5,False,False
489,475,7-Eleven,ISKANDAR PUTERI,103.5800839,1.4570315,6,False,False
490,476,7-Eleven,ISKANDAR PUTERI,103.5865402,1.4915649,6,False,True
491,478,7-Eleven,ISKANDAR PUTERI,103.5933643,1.4201357,6,False,False
492,480,7-Eleven,ISKANDAR PUTERI,103.6198875,1.4379097,6,False,False
493,481,7-Eleven,ISKANDAR PUTERI,103.6224769,1.4170995,6,False,True
494,492,7-Eleven,ISKANDAR PUTERI,103.5841604,1.4715807,6,False,False
495,494,7-Eleven,ISKANDAR PUTERI,103.5983372,1.4817781,6,False,False
496,495,7-Eleven,ISKANDAR PUTERI,103.5950418,1.4503636,6,False,False
497,497,7-Eleven,ISKANDAR PUTERI,103.592973,1.420182,6,False,False
498,498,7-Eleven,ISKANDAR PUTERI,103.6281429,1.4136078,0,False,True
499,505,7-Eleven,ISKANDAR PUTERI,103.5830496,1.5439181,5,False,False
500,506,7-Eleven,ISKANDAR PUTERI,103.5811371,1.5355587,5,False,False
501,507,7-Eleven,ISKANDAR PUTERI,103.6169301,1.4322684,6,False,False
502,508,7-Eleven,ISKANDAR PUTERI,103.6343323,1.4275207,6,False,True
503,540,MyNews,ISKANDAR PUTERI,103.629202,1.542363,5,False,False
504,541,MyNews,ISKANDAR PUTERI,103.6542081,1.4135269,0,False,False
505,542,MyNews,ISKANDAR PUTERI,103.6565635,1.4173864,0,False,True
506,544,MyNews,ISKANDAR PUTERI,103.5839732,1.4595673,6,True,False
507,545,MyNews,ISKANDAR PUTERI,103.598207,1.442142,6,False,False
508,546,MyNews,ISKANDAR PUTERI,103.65626,1.4121488,0,False,False
509,547,MyNews,ISKANDAR PUTERI,103.6335082,1.4285273,6,False,True
510,548,MyNews,ISKANDAR PUTERI,103.6300544,1.3973875,0,False,True
511,549,MyNews,ISKANDAR PUTERI,103.6306476,1.3968784,0,False,False
512,550,MyNews,ISKANDAR PUTERI,103.5936231,1.3884202,0,False,True
513,551,MyNews,ISKANDAR PUTERI,103.586473,1.3984126,0,False,True
514,565,CU,ISKANDAR PUTERI,103.5989945,1.4556174,6,False,False
515,170,99 Speedmart,KEMPAS,103.6249265,1.5516978,5,False,False
516,115,99 Speedmart,STULANG,103.7813449,1.4700338,2,False,True
517,203,99 Speedmart,ISKANDAR PUTERI,103.582919,1.4793531,6,False,False
518,208,99 Speedmart,ISKANDAR PUTERI,103.5947814,1.3417214,0,False,False
519,271,KK Super Mart,ISKANDAR PUTERI,103.5912298,1.334931,0,True,False
520,272,KK Super Mart,ISKANDAR PUTERI,103.5939196,1.3415065,0,False,False
521,273,KK Super Mart,ISKANDAR PUTERI,103.5903104,1.3382805,0,False,False
522,274,KK Super Mart,ISKANDAR PUTERI,103.5914187,1.3344691,0,False,False
523,409,7-Eleven,STULANG,103.7812028,1.469798,2,False,True
524,424,7-Eleven,STULANG,103.7823254,1.4719504,4,False,True
525,538,MyNews,PERLING,103.7644588,1.4567345,4,False,False
